Id;CodePostal;Commune;Departement;Longitude;Latitude;ID Geofla
13020;13950;CADOLIVE;BOUCHES-DU-RHONE;43.3941966153; 5.53223354589;35080
6149;6340;LA TRINITE;ALPES-MARITIMES;43.7433480978; 7.33946073911;6806
5117;5150;RIBEYRET;HAUTES-ALPES;44.4107304576; 5.55802862069;28145
4069;4120;DEMANDOLX;ALPES-DE-HAUTE-PROVENCE;43.8698630954; 6.57440592456;29331
4214;4330;TARTONNE;ALPES-DE-HAUTE-PROVENCE;44.0784663763; 6.3839310068;165
4039;4120;CASTELLANE;ALPES-DE-HAUTE-PROVENCE;43.8449862174; 6.49029842016;1765
5099;5400;OZE;HAUTES-ALPES;44.5058294764; 5.79875486134;35882
84141;84270;VEDENE;VAUCLUSE;43.9708612885; 4.90327834789;25765
83154;83510;SAINT-ANTONIN-DU-VAR;VAR;43.5112335006; 6.29002187703;181
6061;6510;LES FERRES;ALPES-MARITIMES;43.8424232733; 7.09342755196;14720
5021;5700;LE BERSAC;HAUTES-ALPES;44.4056964766; 5.75340964069;16998
6031;6340;CANTARON;ALPES-MARITIMES;43.7712030999; 7.31316892728;24898
4240;4370;VILLARS-COLMARS;ALPES-DE-HAUTE-PROVENCE;44.198291615; 6.56876674305;1549
83077;83136;MEOUNES-LES-MONTRIEUX;VAR;43.273942519; 5.96671080974;3194
6146;6420;TOURNEFORT;ALPES-MARITIMES;43.9413988757; 7.15850315093;5051
4210;4120;SOLEILHAS;ALPES-DE-HAUTE-PROVENCE;43.8599760555; 6.64860753226;7435
13016;13720;LA BOUILLADISSE;BOUCHES-DU-RHONE;43.397192269; 5.61980749093;24065
5151;5120;SAINT-MARTIN-DE-QUEYRIERES;HAUTES-ALPES;44.8375257288; 6.58255010654;5983
5156;5200;SAINT-SAUVEUR;HAUTES-ALPES;44.5365820455; 6.52920301665;13437
84084;84240;LA MOTTE-D'AIGUES;VAUCLUSE;43.7840840338; 5.52149188026;3367
84069;84340;MALAUCENE;VAUCLUSE;44.1884482159; 5.14985080872;12463
83056;83830;FIGANIERES;VAR;43.5672152549; 6.49870478854;9287
13081;13340;ROGNAC;BOUCHES-DU-RHONE;43.4971347324; 5.23106220021;15606
83019;83230;BORMES-LES-MIMOSAS;VAR;43.1622722101; 6.34956987347;11006
4108;4350;MALIJAI;ALPES-DE-HAUTE-PROVENCE;44.0336660524; 6.0504243737;32683
13207;13007;MARSEILLE--7E--ARRONDISSEMENT;BOUCHES-DU-RHONE;43.28251778; 5.36323440435;36595
5023;5100;BRIANCON;HAUTES-ALPES;44.8994986041; 6.64947524018;5104
4007;4170;ANGLES;ALPES-DE-HAUTE-PROVENCE;43.9443293069; 6.55232063474;33842
6154;6750;VALDEROURE;ALPES-MARITIMES;43.7942044466; 6.71003568639;13915
13213;13013;MARSEILLE-13E--ARRONDISSEMENT;BOUCHES-DU-RHONE;43.3492780005; 5.43372238738;36601
4122;4510;MIRABEAU;ALPES-DE-HAUTE-PROVENCE;44.0562295958; 6.08015931568;35394
6134;6750;SERANON;ALPES-MARITIMES;43.7656662777; 6.6904329696;8733
5073;5300;LAZER;HAUTES-ALPES;44.3517300661; 5.84995060396;4091
4034;4700;LA BRILLANNE;ALPES-DE-HAUTE-PROVENCE;43.9319005392; 5.88421838797;32684
5047;5300;EOURRES;HAUTES-ALPES;44.2138373403; 5.72894553965;6865
6081;6910;LE MAS;ALPES-MARITIMES;43.8369129507; 6.85894074749;8294
83058;83780;FLAYOSC;VAR;43.542212098; 6.36275720984;3513
4063;4220;CORBIERES;ALPES-DE-HAUTE-PROVENCE;43.7606909826; 5.74590452535;18259
6077;6440;LUCERAM;ALPES-MARITIMES;43.9005726905; 7.35265575307;7794
5029;5260;CHABOTTES;HAUTES-ALPES;44.6475783169; 6.16791978587;7828
84088;84210;PERNES-LES-FONTAINES;VAUCLUSE;43.9960550539; 5.03959100234;12754
13067;13660;ORGON;BOUCHES-DU-RHONE;43.779613013; 5.02340520998;28716
84014;84120;BEAUMONT-DE-PERTUIS;VAUCLUSE;43.7379108971; 5.69599127224;7200
5007;5350;ARVIEUX;HAUTES-ALPES;44.7638980345; 6.72230859416;4766
83001;83600;LES ADRETS-DE-L'ESTEREL;VAR;43.5356229284; 6.8110879666;12257
6026;6530;CABRIS;ALPES-MARITIMES;43.6599560638; 6.87825509814;13707
6044;6480;LA COLLE-SUR-LOUP;ALPES-MARITIMES;43.6871701387; 7.09773643833;28999
13045;13690;GRAVESON;BOUCHES-DU-RHONE;43.8539111696; 4.76717369182;2543
4141;4230;ONGLES;ALPES-DE-HAUTE-PROVENCE;44.0314259831; 5.72480881412;29978
13031;13112;LA DESTROUSSE;BOUCHES-DU-RHONE;43.3764232809; 5.59885932444;13599
13007;13390;AURIOL;BOUCHES-DU-RHONE;43.3607946934; 5.6583901873;13748
4097;4420;LA JAVIE;ALPES-DE-HAUTE-PROVENCE;44.1971990157; 6.32157607452;4103
4203;4140;SELONNET;ALPES-DE-HAUTE-PROVENCE;44.3717210833; 6.29379329975;10031
84018;84570;BLAUVAC;VAUCLUSE;44.0369893716; 5.24329379673;8013
84085;84220;MURS;VAUCLUSE;43.9647645787; 5.24369462064;2449
5110;5290;PUY-SAINT-VINCENT;HAUTES-ALPES;44.8144250588; 6.4647473741;24499
84074;84360;MERINDOL;VAUCLUSE;43.7619243813; 5.20153482914;24884
4135;4360;MOUSTIERS-SAINTE-MARIE;ALPES-DE-HAUTE-PROVENCE;43.8383278559; 6.22818909628;715
5049;5110;ESPARRON;HAUTES-ALPES;44.4627395922; 5.89302848154;10902
6029;06400/06150;CANNES;ALPES-MARITIMES;43.5526202843; 7.00427592728;4028
5124;5000;LA ROCHETTE;HAUTES-ALPES;44.5932114107; 6.14883098142;36563
4058;5110;CLARET;ALPES-DE-HAUTE-PROVENCE;44.3738118271; 5.96467673226;11320
5170;5130;TALLARD;HAUTES-ALPES;44.459122073; 6.04485602868;12978
6088;06000/06100/06200/06300;NICE;ALPES-MARITIMES;43.7119992661; 7.23826889465;14249
84058;84480;LACOSTE;VAUCLUSE;43.8257421042; 5.26592271907;25862
6008;6260;AUVARE;ALPES-MARITIMES;44.0074205826; 6.91467896828;28875
13105;13560;SENAS;BOUCHES-DU-RHONE;43.7446066018; 5.08687884411;31523
83120;83640;SAINT-ZACHARIE;VAR;43.3775300587; 5.71820851044;19344
84051;84220;GOULT;VAUCLUSE;43.8672520591; 5.24782759369;4765
6108;6550;LA ROQUETTE-SUR-SIAGNE;ALPES-MARITIMES;43.5849092456; 6.95049794824;11452
4019;4400;BARCELONNETTE;ALPES-DE-HAUTE-PROVENCE;44.3785614205; 6.65215089713;31647
5080;5140;MONTBRAND;HAUTES-ALPES;44.5915829146; 5.66765951559;12701
83033;83660;CARNOULES;VAR;43.2945985061; 6.19667974945;7721
5160;5300;SALERANS;HAUTES-ALPES;44.2421298245; 5.70096058268;31560
5136;5600;SAINT-CREPIN;HAUTES-ALPES;44.7243260485; 6.63555027257;12478
4224;4240;UBRAYE;ALPES-DE-HAUTE-PROVENCE;43.9070446741; 6.68718463205;2539
4209;4200;SISTERON;ALPES-DE-HAUTE-PROVENCE;44.2001925067; 5.93083716039;2503
13117;13127;VITROLLES;BOUCHES-DU-RHONE;43.4497831674; 5.26357787665;11660
6045;6910;COLLONGUES;ALPES-MARITIMES;43.8935981177; 6.86383142444;10050
5176;5130;VALSERRES;HAUTES-ALPES;44.4892842965; 6.13789393583;33776
13026;13220;CHATEAUNEUF-LES-MARTIGUES;BOUCHES-DU-RHONE;43.3865906403; 5.14753822568;9534
84066;84220;LIOUX;VAUCLUSE;43.9793335094; 5.30939885306;2605
83044;83840;COMPS-SUR-ARTUBY;VAR;43.7035520107; 6.50293185659;6191
13100;13210;SAINT-REMY-DE-PROVENCE;BOUCHES-DU-RHONE;43.7834249015; 4.85366665286;7311
83060;83670;FOX-AMPHOUX;VAR;43.5955417496; 6.10909327573;2894
83006;83560;ARTIGUES;VAR;43.576501883; 5.80239993371;14124
5093;5100;NEVACHE;HAUTES-ALPES;45.0441286352; 6.59862935541;13026
83131;83210;SOLLIES-TOUCAS;VAR;43.21282693; 5.98693908648;1580
5102;5700;LA PIARRE;HAUTES-ALPES;44.4784087163; 5.64803205429;36167
5177;5560;VARS;HAUTES-ALPES;44.5925220925; 6.71351456892;11026
6159;6230;VILLEFRANCHE-SUR-MER;ALPES-MARITIMES;43.7122153121; 7.32225410533;17948
5163;5160;LE SAUZE-DU-LAC;HAUTES-ALPES;44.485574244; 6.32317639258;32248
13074;13860;PEYROLLES-EN-PROVENCE;BOUCHES-DU-RHONE;43.6284676935; 5.57695734831;5984
6125;6470;SAINT-MARTIN-D'ENTRAUNES;ALPES-MARITIMES;44.1494414084; 6.74588335024;1711
13083;13870;ROGNONAS;BOUCHES-DU-RHONE;43.9000833173; 4.79857977479;27816
4065;4230;CRUIS;ALPES-DE-HAUTE-PROVENCE;44.0831626991; 5.83846949092;3141
83100;83390;PUGET-VILLE;VAR;43.2763475939; 6.14893054109;12407
5040;5230;CHORGES;HAUTES-ALPES;44.5455124295; 6.28782392595;6805
5179;5400;VEYNES;HAUTES-ALPES;44.5571529708; 5.82286002514;7443
13022;13260;CASSIS;BOUCHES-DU-RHONE;43.2230470065; 5.55117810991;28876
4157;4410;PUIMOISSON;ALPES-DE-HAUTE-PROVENCE;43.8708152829; 6.12200213815;912
4144;4120;LA PALUD-SUR-VERDON;ALPES-DE-HAUTE-PROVENCE;43.796648297; 6.32708874551;10718
5055;5140;LA FAURIE;HAUTES-ALPES;44.5674587303; 5.74040594768;31948
6107;6910;ROQUESTERON-GRASSE;ALPES-MARITIMES;43.8491534174; 6.99011980424;12851
84089;84120;PERTUIS;VAUCLUSE;43.6872357464; 5.52052480281;8513
83101;83350;RAMATUELLE;VAR;43.2186126186; 6.63754734174;16162
83037;83170;LA CELLE;VAR;43.384370351; 5.99861411611;1579
84079;84390;MONIEUX;VAUCLUSE;44.0568668171; 5.34149223081;4147
5001;5460;ABRIES;HAUTES-ALPES;44.8163462455; 6.94164442809;3264
4088;4300;FORCALQUIER;ALPES-DE-HAUTE-PROVENCE;43.9599082374; 5.7882827572;12168
4045;4280;CERESTE;ALPES-DE-HAUTE-PROVENCE;43.8503161664; 5.58976926214;82
4202;4320;SAUSSES;ALPES-DE-HAUTE-PROVENCE;44.0122711291; 6.77936939324;5734
5010;5140;ASPRES-SUR-BUECH;HAUTES-ALPES;44.5617512104; 5.77203298744;10924
5086;5150;MONTJAY;HAUTES-ALPES;44.3664380919; 5.61455270536;13972
6119;6660;SAINT-DALMAS-LE-SELVAGE;ALPES-MARITIMES;44.2894656829; 6.84084539624;11044
6037;6460;CAUSSOLS;ALPES-MARITIMES;43.7373447398; 6.90247233198;23029
6054;6340;DRAP;ALPES-MARITIMES;43.7582432488; 7.33724090222;21070
4057;4250;CLAMENSANE;ALPES-DE-HAUTE-PROVENCE;44.3282663642; 6.07850180008;7517
4233;4200;VAUMEILH;ALPES-DE-HAUTE-PROVENCE;44.2903076957; 5.95653121817;11303
84036;84470;CHATEAUNEUF-DE-GADAGNE;VAUCLUSE;43.9276331683; 4.94259114535;31927
84086;84580;OPPEDE;VAUCLUSE;43.8313175338; 5.16982150363;17099
4180;4330;SAINT-JACQUES;ALPES-DE-HAUTE-PROVENCE;43.976917929; 6.37128517143;26185
84099;84440;ROBION;VAUCLUSE;43.8519678718; 5.11008684319;22307
13098;13920;SAINT-MITRE-LES-REMPARTS;BOUCHES-DU-RHONE;43.4554029916; 5.01494725455;3366
5144;5800;SAINT-JACQUES-EN-VALGODEMARD;HAUTES-ALPES;44.7740637825; 6.06964600691;25643
13033;13820;ENSUES-LA-REDONNE;BOUCHES-DU-RHONE;43.3536539601; 5.19960307575;5624
4222;4250;TURRIERS;ALPES-DE-HAUTE-PROVENCE;44.3915882101; 6.15918221528;8354
6158;6710;VILLARS-SUR-VAR;ALPES-MARITIMES;43.9518663257; 7.08024521071;2643
4176;4500;SAINTE-CROIX-DU-VERDON;ALPES-DE-HAUTE-PROVENCE;43.7642821493; 6.15158882357;21371
13112;13880;VELAUX;BOUCHES-DU-RHONE;43.5239854581; 5.24996424883;7363
5116;5600;REOTIER;HAUTES-ALPES;44.6813566833; 6.56457884975;18169
83130;83210;SOLLIES-PONT;VAR;43.1907611248; 6.06327697157;12331
4092;4120;LA GARDE;ALPES-DE-HAUTE-PROVENCE;43.8298617013; 6.57154524239;26918
6063;6850;GARS;ALPES-MARITIMES;43.8605226685; 6.81676294521;26422
5145;5260;SAINT-JEAN-SAINT-NICOLAS;HAUTES-ALPES;44.6744954225; 6.23085847467;9054
6030;6110;LE CANNET;ALPES-MARITIMES;43.5729768613; 7.00642057758;16402
13118;13111;COUDOUX;BOUCHES-DU-RHONE;43.5600515363; 5.25422160677;22321
6117;6670;SAINT-BLAISE;ALPES-MARITIMES;43.8129337899; 7.23022336252;34818
4142;4110;OPPEDETTE;ALPES-DE-HAUTE-PROVENCE;43.9306604764; 5.59274330363;15573
5164;5160;SAVINES-LE-LAC;HAUTES-ALPES;44.5273256992; 6.39368059257;15604
4040;4380;LE CASTELLARD-MELAN;ALPES-DE-HAUTE-PROVENCE;44.2016431995; 6.13159521325;1697
6093;6260;LA PENNE;ALPES-MARITIMES;43.9246861706; 6.94222404957;8872
13056;13500;MARTIGUES;BOUCHES-DU-RHONE;43.3798920489; 5.04945402314;21197
4017;4140;AUZET;ALPES-DE-HAUTE-PROVENCE;44.3054001563; 6.31115592449;3363
83096;83470;POURCIEUX;VAR;43.4646440633; 5.78860890398;15075
13060;13590;MEYREUIL;BOUCHES-DU-RHONE;43.4910522546; 5.50062811927;170
83069;83400;HYERES;VAR;43.1018713534; 6.18898508469;9388
84080;84170;MONTEUX;VAUCLUSE;44.0335256003; 4.9847476645;36515
83047;83260;LA CRAU;VAR;43.1635207421; 6.09268351583;25430
6084;6370;MOUANS-SARTOUX;ALPES-MARITIMES;43.6185304023; 6.96494426706;21055
83025;83119;BRUE-AURIAC;VAR;43.5279511721; 5.93664541294;6795
13042;13420;GEMENOS;BOUCHES-DU-RHONE;43.2981044185; 5.64391464048;26480
83028;83830;CALLAS;VAR;43.5655288351; 6.57328931995;11121
4004;4500;ALLEMAGNE-EN-PROVENCE;ALPES-DE-HAUTE-PROVENCE;43.7887902464; 6.03091832001;14197
13106;13240;SEPTEMES-LES-VALLONS;BOUCHES-DU-RHONE;43.3934944571; 5.3808040555;352
84038;84460;CHEVAL-BLANC;VAUCLUSE;43.7886782282; 5.12410732071;23329
83018;83890;BESSE-SUR-ISSOLE;VAR;43.3399479171; 6.17774949705;12330
5078;5110;MONETIER-ALLEMONT;HAUTES-ALPES;44.3930962547; 5.93397190265;35023
6057;6440;L'ESCARENE;ALPES-MARITIMES;43.8339717674; 7.36565804143;10918
6090;6580;PEGOMAS;ALPES-MARITIMES;43.5865553156; 6.92224837943;29374
5146;5140;SAINT-JULIEN-EN-BEAUCHENE;HAUTES-ALPES;44.6264570637; 5.71979975938;29248
84065;84360;LAURIS;VAUCLUSE;43.7630365491; 5.30333693211;18258
13069;13330;PELISSANNE;BOUCHES-DU-RHONE;43.6308385635; 5.15957327275;11480
5024;5150;BRUIS;HAUTES-ALPES;44.4677366709; 5.50388863719;1854
13091;13760;SAINT-CANNAT;BOUCHES-DU-RHONE;43.6136286667; 5.30698257258;27923
84112;84750;SAINT-MARTIN-DE-CASTILLON;VAUCLUSE;43.8551072159; 5.51919312356;1574
4190;4300;SAINT-MARTIN-LES-EAUX;ALPES-DE-HAUTE-PROVENCE;43.8719702944; 5.74137178032;7871
84001;84210;ALTHEN-DES-PALUDS;VAUCLUSE;44.0048087082; 4.95793804186;1039
5095;5500;LE NOYER;HAUTES-ALPES;44.6999993894; 6.00102694215;854
6019;6440;BLAUSASC;ALPES-MARITIMES;43.7934680936; 7.36033477624;7195
83085;83920;LA MOTTE;VAR;43.5078511168; 6.55055399937;12770
84146;84110;VILLEDIEU;VAUCLUSE;44.2885345568; 5.04784441518;19761
5100;5000;PELLEAUTIER;HAUTES-ALPES;44.5102662977; 5.99877739937;34337
4154;5160;PONTIS;ALPES-DE-HAUTE-PROVENCE;44.4956918963; 6.36523776593;8464
13061;13150;SAINT-PIERRE-DE-MEZOARGUES;BOUCHES-DU-RHONE;43.8612350805; 4.65739524122;13757
84009;84240;LA BASTIDE-DES-JOURDANS;VAUCLUSE;43.7945397599; 5.64677782095;7582
84090;84240;PEYPIN-D'AIGUES;VAUCLUSE;43.7964408305; 5.56003326924;7996
13051;13680;LANCON-PROVENCE;BOUCHES-DU-RHONE;43.5760406168; 5.15953601477;168
13002;13190;ALLAUCH;BOUCHES-DU-RHONE;43.3533145712; 5.51134767187;29381
4099;4170;LAMBRUISSE;ALPES-DE-HAUTE-PROVENCE;44.0448344934; 6.44538846702;22532
84033;84400;CASTELLET;VAUCLUSE;43.834452269; 5.48116657241;34061
6047;6510;CONSEGUDES;ALPES-MARITIMES;43.8406957218; 7.04503670887;31536
4068;4300;DAUPHIN;ALPES-DE-HAUTE-PROVENCE;43.8932434369; 5.776452248;24768
5054;5500;LA FARE-EN-CHAMPSAUR;HAUTES-ALPES;44.6653766254; 6.05826038858;22084
4130;4230;MONTLAUX;ALPES-DE-HAUTE-PROVENCE;44.0407923753; 5.85016627036;2414
5114;5160;REALLON;HAUTES-ALPES;44.6107753971; 6.36046039369;5594
4237;4140;LE VERNET;ALPES-DE-HAUTE-PROVENCE;44.2766068334; 6.40297525512;8292
5107;5100;PUY-SAINT-ANDRE;HAUTES-ALPES;44.8909036618; 6.56677781045;35902
84002;84240;ANSOUIS;VAUCLUSE;43.7365172868; 5.47136689464;15816
5084;5230;MONTGARDIN;HAUTES-ALPES;44.543584781; 6.23305665739;17318
4055;4330;CHAUDON-NORANTE;ALPES-DE-HAUTE-PROVENCE;43.9919149482; 6.31736807144;31255
5120;5460;RISTOLAS;HAUTES-ALPES;44.7358493135; 6.99202108042;2734
4136;4170;LA MURE-ARGENS;ALPES-DE-HAUTE-PROVENCE;44.0166107784; 6.53196701824;13187
4182;4270;SAINT-JULIEN-D'ASSE;ALPES-DE-HAUTE-PROVENCE;43.9266153853; 6.07806454992;2530
5088;5150;MONTMORIN;HAUTES-ALPES;44.4501067794; 5.55351371982;14018
83111;83136;SAINTE-ANASTASIE-SUR-ISSOLE;VAR;43.3334103841; 6.12496118501;29373
5019;5140;LA BEAUME;HAUTES-ALPES;44.5482914658; 5.65375214301;14160
13103;13300;SALON-DE-PROVENCE;BOUCHES-DU-RHONE;43.6462885238; 5.06814649576;1767
5108;5200;PUY-SAINT-EUSEBE;HAUTES-ALPES;44.5685889454; 6.41129829522;26311
83140;83170;TOURVES;VAR;43.4088015642; 5.92715707141;10032
5059;5000;LA FREISSINOUSE;HAUTES-ALPES;44.535534165; 6.00812804583;23850
4016;4200;AUTHON;ALPES-DE-HAUTE-PROVENCE;44.2492545518; 6.15102271049;5770
5067;5500;LES INFOURNAS;HAUTES-ALPES;44.7149452771; 6.11308861392;19949
6114;6730;SAINT-ANDRE-DE-LA-ROCHE;ALPES-MARITIMES;43.745876244; 7.28871372647;23028
13052;13910;MAILLANE;BOUCHES-DU-RHONE;43.8230609796; 4.78456570653;14718
13210;13010;MARSEILLE-10E--ARRONDISSEMENT;BOUCHES-DU-RHONE;43.2755155435; 5.42681101081;36598
5127;5190;ROUSSET;HAUTES-ALPES;44.4843785512; 6.2666913091;17401
84126;84110;SEGURET;VAUCLUSE;44.2159640237; 5.02881720149;7444
84101;84210;LA ROQUE-SUR-PERNES;VAUCLUSE;43.9741947109; 5.10175518845;4768
6162;6430;LA BRIGUE;ALPES-MARITIMES;44.0714555606; 7.65147828925;5803
84050;84220;GORDES;VAUCLUSE;43.909019241; 5.19801978618;2390
5131;5400;SAINT-AUBAN-D'OZE;HAUTES-ALPES;44.4883156877; 5.84847801019;16401
83128;83690;SILLANS-LA-CASCADE;VAR;43.5658824056; 6.16515240575;22997
4042;4320;CASTELLET-LES-SAUSSES;ALPES-DE-HAUTE-PROVENCE;44.0403038573; 6.73450900533;5736
4208;4150;SIMIANE-LA-ROTONDE;ALPES-DE-HAUTE-PROVENCE;43.9838128235; 5.56248994589;8888
84071;84660;MAUBEC;VAUCLUSE;43.8417800592; 5.13767903423;14593
4023;4250;BAYONS;ALPES-DE-HAUTE-PROVENCE;44.3249277264; 6.17282537759;14259
13087;13790;ROUSSET;BOUCHES-DU-RHONE;43.4841496165; 5.62380799416;13260
13073;13124;PEYPIN;BOUCHES-DU-RHONE;43.3847877457; 5.57131918284;20255
83026;83340;CABASSE;VAR;43.4270972655; 6.23202349485;3950
5167;5700;SIGOTTIER;HAUTES-ALPES;44.458049604; 5.68531113946;5954
84060;84400;LAGARDE-D'APT;VAUCLUSE;43.9838729786; 5.48164417071;34027
5165;5700;SAVOURNON;HAUTES-ALPES;44.4240775993; 5.79927741464;3486
13066;13550;NOVES;BOUCHES-DU-RHONE;43.8584523466; 4.89952194493;19822
6106;6910;ROQUESTERON;ALPES-MARITIMES;43.8677906196; 7.02413611655;19743
13004;13200;ARLES;BOUCHES-DU-RHONE;43.5468692378; 4.66215642574;11588
4217;4380;THOARD;ALPES-DE-HAUTE-PROVENCE;44.1473006003; 6.12401298333;8874
4140;4200;LES OMERGUES;ALPES-DE-HAUTE-PROVENCE;44.1527454808; 5.5893705894;5641
6035;6500;CASTELLAR;ALPES-MARITIMES;43.8220566609; 7.49891571145;31011
13003;13980;ALLEINS;BOUCHES-DU-RHONE;43.7074197745; 5.15105029207;18052
83123;83110;SANARY-SUR-MER;VAR;43.138282853; 5.79588814177;1498
6163;6430;TENDE;ALPES-MARITIMES;44.0997669286; 7.54053179417;21777
84037;84230;CHATEAUNEUF-DU-PAPE;VAUCLUSE;44.0595884031; 4.82728435607;28873
6078;6710;MALAUSSENE;ALPES-MARITIMES;43.9153232562; 7.14112063451;1042
83005;83630;ARTIGNOSC-SUR-VERDON;VAR;43.6940767712; 6.10762159358;34338
4077;4700;ENTREVENNES;ALPES-DE-HAUTE-PROVENCE;43.9378972717; 6.03380903148;8070
5168;5130;SIGOYER;HAUTES-ALPES;44.4802333692; 5.96951792615;8277
5143;5300;SAINT-GENIS;HAUTES-ALPES;44.3808485026; 5.79631196854;11118
83104;83560;RIANS;VAR;43.6055023788; 5.74132523759;13041
83063;83680;LA GARDE-FREINET;VAR;43.3234160321; 6.46693786821;8149
13089;13670;SAINT-ANDIOL;BOUCHES-DU-RHONE;43.8307575371; 4.95027358923;31014
5149;5260;SAINT-LEGER-LES-MELEZES;HAUTES-ALPES;44.6468761009; 6.21171867053;15319
83127;83870;SIGNES;VAR;43.2776407451; 5.8571396222;2395
13025;13790;CHATEAUNEUF-LE-ROUGE;BOUCHES-DU-RHONE;43.4912659702; 5.56821681952;10532
13048;13490;JOUQUES;BOUCHES-DU-RHONE;43.6334137827; 5.65675796328;1528
6116;6850;SAINT-AUBAN;ALPES-MARITIMES;43.8309790119; 6.74006506104;12416
5158;5400;LE SAIX;HAUTES-ALPES;44.4638478254; 5.83381616664;10994
84115;84330;SAINT-PIERRE-DE-VASSOLS;VAUCLUSE;44.0949073027; 5.14436401724;18071
5033;5700;CHANOUSSE;HAUTES-ALPES;44.3646760156; 5.66013922855;23852
83030;83170;CAMPS-LA-SOURCE;VAR;43.372512011; 6.12128418794;36577
5066;5140;LA HAUTE-BEAUME;HAUTES-ALPES;44.5686788407; 5.62845703761;11434
5118;5300;RIBIERS;HAUTES-ALPES;44.2207910151; 5.84342231314;5048
84075;84570;METHAMIS;VAUCLUSE;44.0126367285; 5.25299930239;13842
5178;5300;VENTAVON;HAUTES-ALPES;44.3856656442; 5.88845374579;10070
84077;84330;MODENE;VAUCLUSE;44.1057811873; 5.12787069214;25155
6051;6260;LA CROIX-SUR-ROUDOULE;ALPES-MARITIMES;44.0003096653; 6.87019911618;8278
5097;5700;ORPIERRE;HAUTES-ALPES;44.3146933801; 5.70618607588;13319
83046;83570;COTIGNAC;VAR;43.5233757149; 6.14490029042;2851
5115;5190;REMOLLON;HAUTES-ALPES;44.4716185236; 6.15977657931;17966
83078;83630;MOISSAC-BELLEVUE;VAR;43.6471902756; 6.16702503297;9059
83137;83000/83100/83200;TOULON;VAR;43.1361589728; 5.93239634249;1882
4120;4530;MEYRONNES;ALPES-DE-HAUTE-PROVENCE;44.4730642294; 6.81114702697;7605
13097;13310;SAINT-MARTIN-DE-CRAU;BOUCHES-DU-RHONE;43.6119214615; 4.85701475567;993
84044;84340;ENTRECHAUX;VAUCLUSE;44.2224730765; 5.13332490403;16807
5169;5150;SORBIERS;HAUTES-ALPES;44.3625387102; 5.57325324553;35726
4151;4300;PIERRERUE;ALPES-DE-HAUTE-PROVENCE;43.9623331645; 5.83601873141;22399
84082;84570;MORMOIRON;VAUCLUSE;44.0700058452; 5.19092701239;15264
83008;83600;BAGNOLS-EN-FORET;VAR;43.5330955002; 6.70850106064;971
4198;4340;SAINT-VINCENT-LES-FORTS;ALPES-DE-HAUTE-PROVENCE;44.4374162723; 6.3688796074;1685
4164;4230;REVEST-SAINT-MARTIN;ALPES-DE-HAUTE-PROVENCE;44.0198482775; 5.82298621297;35108
4183;4170;SAINT-JULIEN-DU-VERDON;ALPES-DE-HAUTE-PROVENCE;43.9097626116; 6.54605900451;29693
4090;4240;LE FUGERET;ALPES-DE-HAUTE-PROVENCE;44.0145000822; 6.66560747142;2473
84078;84430;MONDRAGON;VAUCLUSE;44.2429843935; 4.72457377095;23511
5111;5200;PUY-SANIERES;HAUTES-ALPES;44.5556949894; 6.43667418858;25853
84076;84120;MIRABEAU;VAUCLUSE;43.7048655954; 5.64268969136;20947
4245;4130;VOLX;ALPES-DE-HAUTE-PROVENCE;43.8706676132; 5.83153973779;13690
83007;83630;AUPS;VAR;43.6246326968; 6.22132785585;11815
5006;5120;L'ARGENTIERE-LA-BESSEE;HAUTES-ALPES;44.7821732712; 6.47214497323;11393
4200;4290;SALIGNAC;ALPES-DE-HAUTE-PROVENCE;44.1571681055; 5.98824785964;32633
83064;83136;GAREOULT;VAR;43.3403271328; 6.04087625954;20132
13008;13121;AURONS;BOUCHES-DU-RHONE;43.6715125585; 5.14903600713;17737
13023;13600;CEYRESTE;BOUCHES-DU-RHONE;43.2238501508; 5.63636473345;6701
84114;84220;SAINT-PANTALEON;VAUCLUSE;43.8778804064; 5.21653289666;12646
4021;4380;BARRAS;ALPES-DE-HAUTE-PROVENCE;44.1006575617; 6.09850212835;997
84045;84110;FAUCON;VAUCLUSE;44.2524220745; 5.14218487887;32917
5141;5500;SAINT-EUSEBE-EN-CHAMPSAUR;HAUTES-ALPES;44.7224269114; 6.03646608621;25785
83098;83220;LE PRADET;VAR;43.099405984; 6.02844015499;7295
83102;83630;REGUSSE;VAR;43.6676978951; 6.11814572566;6926
13036;13630;EYRAGUES;BOUCHES-DU-RHONE;43.84304663; 4.84289529399;18752
13040;13710;FUVEAU;BOUCHES-DU-RHONE;43.4594948454; 5.55305747206;13432
84040;84110;CRESTET;VAUCLUSE;44.2097519132; 5.08597487017;22660
83043;83610;COLLOBRIERES;VAR;43.2414148175; 6.34032184648;7278
13215;13015;MARSEILLE-15E--ARRONDISSEMENT;BOUCHES-DU-RHONE;43.358794754; 5.363407897;36603
5016;5700;LA BATIE-MONTSALEON;HAUTES-ALPES;44.4559449966; 5.74903304625;24746
5121;5190;ROCHEBRUNE;HAUTES-ALPES;44.452250356; 6.19249346455;31498
4081;4800;ESPARRON-DE-VERDON;ALPES-DE-HAUTE-PROVENCE;43.7438250286; 5.98891639232;14080
6018;6410;BIOT;ALPES-MARITIMES;43.6276558141; 7.08318612891;15286
83081;83440;MONTAUROUX;VAR;43.5990101065; 6.78985995347;2335
84133;84240;LA TOUR-D'AIGUES;VAUCLUSE;43.7214835187; 5.56734664063;2715
83145;83670;VARAGES;VAR;43.5957332501; 5.94441099712;4773
4145;4200;PEIPIN;ALPES-DE-HAUTE-PROVENCE;44.1413026547; 5.9437147381;23412
6087;6910;LES MUJOULS;ALPES-MARITIMES;43.8719847668; 6.85912279446;4144
83068;83310;GRIMAUD;VAR;43.2820282501; 6.53303224114;8061
6085;6250;MOUGINS;ALPES-MARITIMES;43.5961410556; 7.00129444919;2136
83079;83310;LA MOLE;VAR;43.2159206327; 6.47656643864;1278
83118;83700/83530;SAINT-RAPHAEL;VAR;43.4574625431; 6.84734210398;13685
83070;83980;LE LAVANDOU;VAR;43.1656102964; 6.41231277863;3342
5028;5400;CHABESTAN;HAUTES-ALPES;44.4775755934; 5.78305319582;15954
6144;6420;LA TOUR;ALPES-MARITIMES;43.9626877314; 7.19994914649;14248
4116;4190;LES MEES;ALPES-DE-HAUTE-PROVENCE;43.9944767361; 5.96601755581;10644
6129;6420;SAINT-SAUVEUR-SUR-TINEE;ALPES-MARITIMES;44.1210676615; 7.11814485955;10287
83075;83340;LES MAYONS;VAR;43.3069101873; 6.35996172662;4029
13054;13700;MARIGNANE;BOUCHES-DU-RHONE;43.4172068362; 5.21221904548;2601
4152;4860;PIERREVERT;ALPES-DE-HAUTE-PROVENCE;43.8065050599; 5.72273821724;3278
84097;84600;RICHERENCHES;VAUCLUSE;44.3558133128; 4.90386489809;20062
5051;5700;ETOILE-SAINT-CYRICE;HAUTES-ALPES;44.3209708871; 5.64377761466;1080
5002;5250;AGNIERES-EN-DEVOLUY;HAUTES-ALPES;44.6826717815; 5.86464333694;27557
83080;83440;MONS;VAR;43.6989466461; 6.70893258048;5371
5181;5480;VILLAR-D'ARENE;HAUTES-ALPES;44.999721765; 6.36428454594;3215
4127;4600;MONTFORT;ALPES-DE-HAUTE-PROVENCE;44.0591709898; 5.95286093626;1041
4186;4500;SAINT-LAURENT-DU-VERDON;ALPES-DE-HAUTE-PROVENCE;43.7216172183; 6.06859538838;13774
6052;6910;CUEBRIS;ALPES-MARITIMES;43.8892125828; 7.00448794285;9217
84049;84190;GIGONDAS;VAUCLUSE;44.1660983331; 5.01231871802;10531
13115;13116;VERNEGUES;BOUCHES-DU-RHONE;43.6841394366; 5.18825526479;35140
4134;4250;LA MOTTE-DU-CAIRE;ALPES-DE-HAUTE-PROVENCE;44.3408705676; 6.03052669324;10639
5096;5170;ORCIERES;HAUTES-ALPES;44.6840982803; 6.34897527824;4276
83009;83150;BANDOL;VAR;43.1473544522; 5.74789358398;28877
4118;4250;MELVE;ALPES-DE-HAUTE-PROVENCE;44.3563698074; 5.9929110209;20120
83112;83270;SAINT-CYR-SUR-MER;VAR;43.1720355248; 5.70832603708;13882
13005;13400;AUBAGNE;BOUCHES-DU-RHONE;43.2934843764; 5.56331273477;8124
6056;6470;ENTRAUNES;ALPES-MARITIMES;44.2146960621; 6.76292204018;7999
6014;6390;BENDEJUN;ALPES-MARITIMES;43.8303269547; 7.28447130629;18397
84096;84110;RASTEAU;VAUCLUSE;44.2322859605; 4.98047268222;31535
83035;83330;LE CASTELLET;VAR;43.227667489; 5.76560108367;1620
13050;13410;LAMBESC;BOUCHES-DU-RHONE;43.6615217681; 5.25191446931;6464
6096;6260;PIERLAS;ALPES-MARITIMES;44.0346760802; 7.01697586732;9636
84150;84820;VISAN;VAUCLUSE;44.3268006533; 4.94430178075;5730
84130;84190;SUZETTE;VAUCLUSE;44.1717196495; 5.06194089513;26917
83004;83460;LES ARCS;VAR;43.4509882105; 6.48970221222;12303
13111;13126;VAUVENARGUES;BOUCHES-DU-RHONE;43.559011599; 5.61324103718;10970
83014;83630;BAUDINARD-SUR-VERDON;VAR;43.7138038426; 6.13352757623;21625
6083;6500;MENTON;ALPES-MARITIMES;43.7908233727; 7.49365612374;11736
13011;13520;LES BAUX-DE-PROVENCE;BOUCHES-DU-RHONE;43.745808725; 4.80218162499;31015
4172;4500;ROUMOULES;ALPES-DE-HAUTE-PROVENCE;43.821041609; 6.14864703263;26527
13046;13850;GREASQUE;BOUCHES-DU-RHONE;43.4262029745; 5.54685109195;16715
4075;4200;ENTREPIERRES;ALPES-DE-HAUTE-PROVENCE;44.1956537173; 6.02224124199;1497
6010;6620;LE BAR-SUR-LOUP;ALPES-MARITIMES;43.6992943088; 6.96272779051;4836
4079;4160;L'ESCALE;ALPES-DE-HAUTE-PROVENCE;44.0810058608; 6.03455494518;7798
5069;5300;LAGRAND;HAUTES-ALPES;44.3375164992; 5.74194525581;17472
83152;83820;RAYOL-CANADEL-SUR-MER;VAR;43.1642973413; 6.47477478292;17040
84149;84150;VIOLES;VAUCLUSE;44.1767100202; 4.95138229619;6667
83010;83840;BARGEME;VAR;43.7301362684; 6.5708673229;27011
4053;4200;CHATEAUNEUF-VAL-SAINT-DONAT;ALPES-DE-HAUTE-PROVENCE;44.0954534225; 5.93054683108;15577
4031;4270;BRAS-D'ASSE;ALPES-DE-HAUTE-PROVENCE;43.9263257197; 6.12649772452;11225
4124;4500;MONTAGNAC-MONTPEZAT;ALPES-DE-HAUTE-PROVENCE;43.766525069; 6.09454805934;169
83049;83390;CUERS;VAR;43.2411645502; 6.06856350453;10809
6012;6240;BEAUSOLEIL;ALPES-MARITIMES;43.747724383; 7.42222154586;10382
13029;13250;CORNILLON-CONFOUX;BOUCHES-DU-RHONE;43.5783400746; 5.07659575248;8158
83150;83560;VINON-SUR-VERDON;VAR;43.7224277972; 5.80747605851;9120
83146;83560;LA VERDIERE;VAR;43.6461099213; 5.95232275881;20288
4219;4170;THORAME-HAUTE;ALPES-DE-HAUTE-PROVENCE;44.0855014984; 6.60128741508;13677
83002;83630;AIGUINES;VAR;43.7284369506; 6.30439429944;8142
5050;5190;ESPINASSES;HAUTES-ALPES;44.4931786054; 6.23271348149;5281
84046;84410;FLASSAN;VAUCLUSE;44.0985422058; 5.26372029474;14719
4128;4110;MONTFURON;ALPES-DE-HAUTE-PROVENCE;43.831580084; 5.68859318549;25349
4059;4330;CLUMANC;ALPES-DE-HAUTE-PROVENCE;44.0220942583; 6.37764321053;12382
13037;13580;LA FARE-LES-OLIVIERS;BOUCHES-DU-RHONE;43.5544485185; 5.20247621443;3125
4204;4330;SENEZ;ALPES-DE-HAUTE-PROVENCE;43.9224978199; 6.36903371255;11851
13216;13016;MARSEILLE-16E--ARRONDISSEMENT;BOUCHES-DU-RHONE;43.3649054121; 5.31337828595;36604
4061;4370;COLMARS;ALPES-DE-HAUTE-PROVENCE;44.1724272821; 6.6615406144;8740
4070;4000;DIGNE-LES-BAINS;ALPES-DE-HAUTE-PROVENCE;44.0908723554; 6.23590323452;27192
5159;5300;SALEON;HAUTES-ALPES;44.3201551058; 5.77527169353;21763
6038;6740;CHATEAUNEUF-GRASSE;ALPES-MARITIMES;43.6656345765; 6.9791405929;7035
84032;84750;CASENEUVE;VAUCLUSE;43.8888688666; 5.47985826048;936
4244;4290;VOLONNE;ALPES-DE-HAUTE-PROVENCE;44.1239478859; 6.03467827528;5781
4110;4510;MALLEMOISSON;ALPES-DE-HAUTE-PROVENCE;44.0420071966; 6.11807147192;12169
4101;4230;LARDIERS;ALPES-DE-HAUTE-PROVENCE;44.0850792894; 5.72691612181;1694
13082;13840;ROGNES;BOUCHES-DU-RHONE;43.6648781836; 5.35218247017;14082
13209;13009;MARSEILLE--9E--ARRONDISSEMENT;BOUCHES-DU-RHONE;43.2340834927; 5.45249683067;36597
4028;4270;BEYNES;ALPES-DE-HAUTE-PROVENCE;43.9834965171; 6.24025663148;2028
4109;4230;MALLEFOUGASSE-AUGES;ALPES-DE-HAUTE-PROVENCE;44.0759918613; 5.89779648569;10743
83073;83340;LE LUC;VAR;43.3804648949; 6.30599950133;4497
4046;4510;LE CHAFFAUT-SAINT-JURSON;ALPES-DE-HAUTE-PROVENCE;44.0231804287; 6.14073798744;9273
83067;83590;GONFARON;VAR;43.3206494882; 6.30036862428;1277
6050;6140;COURSEGOULES;ALPES-MARITIMES;43.7915580349; 7.03622643471;5596
4143;4700;ORAISON;ALPES-DE-HAUTE-PROVENCE;43.911106033; 5.92458011626;36384
5072;5500;LAYE;HAUTES-ALPES;44.6417417308; 6.07103943315;26571
83125;83470;SEILLONS-SOURCE-D'ARGENS;VAR;43.5150970565; 5.87693570046;19620
13009;13330;LA BARBEN;BOUCHES-DU-RHONE;43.6183855123; 5.21385052651;30429
4041;4700;LE CASTELLET;ALPES-DE-HAUTE-PROVENCE;43.9198884936; 5.97900495307;34421
6032;6320;CAP-D'AIL;ALPES-MARITIMES;43.7247392327; 7.40161617522;33658
13202;13002;MARSEILLE--2E--ARRONDISSEMENT;BOUCHES-DU-RHONE;43.3126964178; 5.36364983265;36590
5154;5140;SAINT-PIERRE-D'ARGENCON;HAUTES-ALPES;44.5199464873; 5.69046512909;18613
4062;4530;LA CONDAMINE-CHATELARD;ALPES-DE-HAUTE-PROVENCE;44.4627686721; 6.69629170403;1072
13028;13600;LA CIOTAT;BOUCHES-DU-RHONE;43.1926410861; 5.61318955778;22998
84151;84240;VITROLLES-EN-LUBERON;VAUCLUSE;43.8137920989; 5.59899946378;32016
4201;4150;SAUMANE;ALPES-DE-HAUTE-PROVENCE;44.0812808516; 5.68214602167;215
6001;6910;AIGLUN;ALPES-MARITIMES;43.8524188; 6.934942333;14186
84102;84220;ROUSSILLON;VAUCLUSE;43.9012816878; 5.29201885718;4074
5175;5290;VALLOUISE;HAUTES-ALPES;44.8308280468; 6.41197014257;1627
84134;84850;TRAVAILLAN;VAUCLUSE;44.1894500119; 4.90856149407;11214
4027;4200;BEVONS;ALPES-DE-HAUTE-PROVENCE;44.1779964769; 5.87895928741;14392
5032;5260;CHAMPOLEON;HAUTES-ALPES;44.7457461011; 6.27312209866;13800
13108;13150;TARASCON;BOUCHES-DU-RHONE;43.7939885332; 4.68614849204;7640
84048;84400;GIGNAC;VAUCLUSE;43.9285109892; 5.52308716414;19711
83048;83420;LA CROIX-VALMER;VAR;43.1951890718; 6.5862813598;4051
5039;5800;CHAUFFAYER;HAUTES-ALPES;44.7581501379; 6.01187494014;31430
4126;4140;MONTCLAR;ALPES-DE-HAUTE-PROVENCE;44.401613844; 6.34112805174;19702
4094;4800;GREOUX-LES-BAINS;ALPES-DE-HAUTE-PROVENCE;43.7676102812; 5.86495046225;10881
5044;5200;CREVOUX;HAUTES-ALPES;44.5376065379; 6.62470372696;22735
83042;83310;COGOLIN;VAR;43.2464550515; 6.52192234084;4052
4229;4200;VALBELLE;ALPES-DE-HAUTE-PROVENCE;44.1371207692; 5.87627669795;9810
4072;4420;DRAIX;ALPES-DE-HAUTE-PROVENCE;44.1299391525; 6.37179977607;25978
84034;84510;CAUMONT-SUR-DURANCE;VAUCLUSE;43.8913580487; 4.95633077332;33397
4169;4150;LA ROCHEGIRON;ALPES-DE-HAUTE-PROVENCE;44.1094183926; 5.66381397427;7997
6135;6910;SIGALE;ALPES-MARITIMES;43.8757999129; 6.96558618108;7883
6113;6500;SAINTE-AGNES;ALPES-MARITIMES;43.8055344567; 7.46128496982;20387
84061;84290;LAGARDE-PAREOL;VAUCLUSE;44.2272154512; 4.85109427827;19989
13201;13001;MARSEILLE--1ER-ARRONDISSEMENT;BOUCHES-DU-RHONE;43.2999009436; 5.38227869795;36589
5152;5800;SAINT-MAURICE-EN-VALGODEMARD;HAUTES-ALPES;44.7981863804; 6.11278800187;718
84125;84390;SAVOILLAN;VAUCLUSE;44.1744446408; 5.37283802798;6586
83012;83670;BARJOLS;VAR;43.5523879362; 5.98777049612;24601
4067;4200;CUREL;ALPES-DE-HAUTE-PROVENCE;44.1766055073; 5.67267464668;19315
5048;5700;L'EPINE;HAUTES-ALPES;44.4248796516; 5.61094352039;24745
84091;84420;PIOLENC;VAUCLUSE;44.1774697051; 4.76585289056;31094
4107;4270;MAJASTRES;ALPES-DE-HAUTE-PROVENCE;43.8980780342; 6.2836913455;7773
5034;5300;CHATEAUNEUF-DE-CHABRE;HAUTES-ALPES;44.2868856071; 5.79561242019;24545
84094;84110;PUYMERAS;VAUCLUSE;44.2849517081; 5.13590933781;6588
4137;4250;NIBLES;ALPES-DE-HAUTE-PROVENCE;44.2892541829; 6.00872621678;25852
4158;4500;QUINSON;ALPES-DE-HAUTE-PROVENCE;43.7080624854; 6.02269492276;27021
5017;5230;LA BATIE-NEUVE;HAUTES-ALPES;44.5797566279; 6.21267983536;881
13072;13790;PEYNIER;BOUCHES-DU-RHONE;43.439686405; 5.62516789037;30884
83148;83550;VIDAUBAN;VAR;43.4015046271; 6.44908485499;3511
84116;84110;SAINT-ROMAIN-EN-VIENNOIS;VAUCLUSE;44.2618277208; 5.10165030898;23472
84039;84350;COURTHEZON;VAUCLUSE;44.0865790966; 4.88163342078;18974
4220;4400;LES THUILES;ALPES-DE-HAUTE-PROVENCE;44.390358455; 6.56135597439;10274
83041;83830;CLAVIERS;VAR;43.5988361842; 6.58569908601;9666
5058;5310;FREISSINIERES;HAUTES-ALPES;44.7364921825; 6.45937704084;5105
84022;84110;BUISSON;VAUCLUSE;44.2761846134; 5.00180862169;25913
13043;13180;GIGNAC-LA-NERTHE;BOUCHES-DU-RHONE;43.3905074118; 5.22834752895;16214
84110;84390;SAINT-LEGER-DU-VENTOUX;VAUCLUSE;44.2059476763; 5.27072625011;34044
83054;83210;LA FARLEDE;VAR;43.1615363005; 6.04275325508;35024
5172;5700;TRESCLEOUX;HAUTES-ALPES;44.3549508677; 5.71825730245;2598
4206;4300;SIGONCE;ALPES-DE-HAUTE-PROVENCE;44.0045227576; 5.85658315569;5922
6002;6910;AMIRAT;ALPES-MARITIMES;43.8962973508; 6.81255950456;27941
6128;6570;SAINT-PAUL-DE-VENCE;ALPES-MARITIMES;43.6950190291; 7.12116951865;31780
4132;4150;MONTSALIER;ALPES-DE-HAUTE-PROVENCE;44.0299525826; 5.59574173796;19939
4195;4400;SAINT-PONS;ALPES-DE-HAUTE-PROVENCE;44.4172713189; 6.61507424866;4808
4001;4510;AIGLUN;ALPES-DE-HAUTE-PROVENCE;44.0638744567; 6.13842845338;20689
84035;84300;CAVAILLON;VAUCLUSE;43.8508361826; 5.03606300916;17446
4093;4250;GIGORS;ALPES-DE-HAUTE-PROVENCE;44.4239994398; 6.14097306258;1764
84064;84840;LAPALUD;VAUCLUSE;44.3065428944; 4.67951575962;5593
4231;4200;VALERNES;ALPES-DE-HAUTE-PROVENCE;44.2515589736; 5.969547642;5875
4043;4320;VAL-DE-CHALVAGNE;ALPES-DE-HAUTE-PROVENCE;43.9046374337; 6.76578520195;2537
83039;83670;CHATEAUVERT;VAR;43.5012629533; 6.01120516318;22351
6080;6420;MARIE;ALPES-MARITIMES;44.0346077069; 7.15744653179;14302
5142;5800;SAINT-FIRMIN;HAUTES-ALPES;44.7934858148; 6.02571058056;4316
4121;4270;MEZEL;ALPES-DE-HAUTE-PROVENCE;43.9980863365; 6.17879892264;27822
13063;13140;MIRAMAS;BOUCHES-DU-RHONE;43.5842134124; 5.01384348574;1527
5074;5130;LETTRET;HAUTES-ALPES;44.4811639998; 6.07258452754;3154
83109;83840;LA ROQUE-ESCLAPON;VAR;43.7213872883; 6.64818087429;33385
83095;83670;PONTEVES;VAR;43.5507745472; 6.0629204725;12148
6118;6530;SAINT-CEZAIRE-SUR-SIAGNE;ALPES-MARITIMES;43.6594259137; 6.80329376165;4207
84092;84130;LE PONTET;VAUCLUSE;43.9683903531; 4.86549590773;32918
6011;6310;BEAULIEU-SUR-MER;ALPES-MARITIMES;43.7079039397; 7.33256934881;14379
5113;5000;RAMBAUD;HAUTES-ALPES;44.5468227894; 6.13166613475;30811
13049;13113;LAMANON;BOUCHES-DU-RHONE;43.704757813; 5.0886270398;20368
5112;5400;RABOU;HAUTES-ALPES;44.6061461258; 6.01077928936;12555
5063;5320;LA GRAVE;HAUTES-ALPES;45.0601102401; 6.28406977587;6913
13102;13730;SAINT-VICTORET;BOUCHES-DU-RHONE;43.4142378837; 5.25398700813;14375
6027;6800;CAGNES-SUR-MER;ALPES-MARITIMES;43.6715162078; 7.15275703379;11661
5003;5470;AIGUILLES;HAUTES-ALPES;44.7793442905; 6.87518098236;5757
6048;6390;CONTES;ALPES-MARITIMES;43.8092959296; 7.3242451162;2546
84011;84210;LE BEAUCET;VAUCLUSE;43.9740267941; 5.13129776172;18168
6142;6440;TOUET-DE-L'ESCARENE;ALPES-MARITIMES;43.8520343234; 7.37799210413;19316
4074;4000;ENTRAGES;ALPES-DE-HAUTE-PROVENCE;44.0379332734; 6.26880026038;762
5011;5230;AVANCON;HAUTES-ALPES;44.5339475338; 6.19116390114;32163
4160;4110;REILLANNE;ALPES-DE-HAUTE-PROVENCE;43.8861362182; 5.65935415272;6479
84124;84800;SAUMANE-DE-VAUCLUSE;VAUCLUSE;43.9380357519; 5.11208499768;2641
83051;83570;ENTRECASTEAUX;VAR;43.5119622438; 6.23475108853;5119
13205;13005;MARSEILLE--5E--ARRONDISSEMENT;BOUCHES-DU-RHONE;43.2928061953; 5.3975770959;36593
6053;6470;DALUIS;ALPES-MARITIMES;44.0387244451; 6.79997095786;11016
6160;6470;VILLENEUVE-D'ENTRAUNES;ALPES-MARITIMES;44.1221416341; 6.78190515159;13233
4051;4200;CHATEAUNEUF-MIRAVAIL;ALPES-DE-HAUTE-PROVENCE;44.153315213; 5.71757262461;21506
13021;13620;CARRY-LE-ROUET;BOUCHES-DU-RHONE;43.3427663021; 5.15373765817;19943
4087;4230;FONTIENNE;ALPES-DE-HAUTE-PROVENCE;44.0068634181; 5.79382501149;27589
4218;4170;THORAME-BASSE;ALPES-DE-HAUTE-PROVENCE;44.1071929199; 6.48931325437;8871
13119;13470;CARNOUX-EN-PROVENCE;BOUCHES-DU-RHONE;43.2584851646; 5.56581431221;26833
83072;83510;LORGUES;VAR;43.4814630298; 6.35892744946;5517
13038;13990;FONTVIEILLE;BOUCHES-DU-RHONE;43.7232610704; 4.72310168882;653
4230;4210;VALENSOLE;ALPES-DE-HAUTE-PROVENCE;43.8380844852; 5.94191847166;4935
83083;83570;MONTFORT-SUR-ARGENS;VAR;43.4812536631; 6.12560767207;18418
4242;4180;VILLENEUVE;ALPES-DE-HAUTE-PROVENCE;43.8957056864; 5.85732128727;2520
4111;4300;MANE;ALPES-DE-HAUTE-PROVENCE;43.9388973757; 5.74234213479;37
6097;6910;PIERREFEU;ALPES-MARITIMES;43.8851912789; 7.0710081371;10623
4189;4800;SAINT-MARTIN-DE-BROMES;ALPES-DE-HAUTE-PROVENCE;43.7774768739; 5.96250175121;2961
84059;84190;LAFARE;VAUCLUSE;44.1546199628; 5.04972814303;21624
6006;6790;ASPREMONT;ALPES-MARITIMES;43.7750731742; 7.24475771199;16809
83129;83140;SIX-FOURS-LES-PLAGES;VAR;43.086818602; 5.82924464931;1610
84073;84560;MENERBES;VAUCLUSE;43.8243710342; 5.22087170856;23121
13058;13520;MAUSSANE-LES-ALPILLES;BOUCHES-DU-RHONE;43.7145004234; 4.83333459578;1186
5013;5110;BARCILLONNETTE;HAUTES-ALPES;44.4300646552; 5.90582685015;7497
84015;84340;BEAUMONT-DU-VENTOUX;VAUCLUSE;44.1826393714; 5.21385670497;26150
5129;5150;SAINT-ANDRE-DE-ROSANS;HAUTES-ALPES;44.3647393809; 5.52097371787;3295
5092;5000;NEFFES;HAUTES-ALPES;44.4958417609; 6.02550737641;15013
83062;83130;LA GARDE;VAR;43.1263279384; 6.01898164719;17370
5065;5600;GUILLESTRE;HAUTES-ALPES;44.6680987436; 6.7010158705;9300
4024;4420;BEAUJEU;ALPES-DE-HAUTE-PROVENCE;44.2185950386; 6.37119806932;28386
83119;83990;SAINT-TROPEZ;VAR;43.262314383; 6.66343039908;7242
83143;83143;LE VAL;VAR;43.4452384829; 6.05179903767;1883
84095;84160;PUYVERT;VAUCLUSE;43.7501902846; 5.33808223228;28004
83116;83470;SAINT-MAXIMIN-LA-SAINTE-BAUME;VAR;43.4509676414; 5.85962873535;8098
13062;13105;MIMET;BOUCHES-DU-RHONE;43.4128431127; 5.49899491017;6941
4115;4240;MEAILLES;ALPES-DE-HAUTE-PROVENCE;44.0401459693; 6.64532905257;5010
6072;6420;ILONSE;ALPES-MARITIMES;44.0347982787; 7.08976475841;9635
5135;5700;SAINTE-COLOMBE;HAUTES-ALPES;44.2889272211; 5.66834974647;19060
5062;5800;LE GLAIZIL;HAUTES-ALPES;44.7481922763; 5.97487247782;19446
4123;4200;MISON;ALPES-DE-HAUTE-PROVENCE;44.2624329752; 5.86562678758;24641
83132;83210;SOLLIES-VILLE;VAR;43.1784166306; 6.01726722545;21901
4073;4400;ENCHASTRAYES;ALPES-DE-HAUTE-PROVENCE;44.3640085405; 6.71028980662;26499
5132;5500;SAINT-BONNET-EN-CHAMPSAUR;HAUTES-ALPES;44.6823269908; 6.10286050171;3485
83105;13780;RIBOUX;VAR;43.3081877669; 5.75722408785;5701
6039;6390;CHATEAUNEUF-VILLEVIEILLE;ALPES-MARITIMES;43.7999098278; 7.29412423176;19097
6101;6260;RIGAUD;ALPES-MARITIMES;43.9929332886; 6.97505083413;29708
6022;6510;BOUYON;ALPES-MARITIMES;43.8254399796; 7.12553872813;5319
5035;5400;CHATEAUNEUF-D'OZE;HAUTES-ALPES;44.5053255197; 5.89775602851;5959
5004;5260;ANCELLE;HAUTES-ALPES;44.6190703929; 6.22962169969;10545
83053;83330;EVENOS;VAR;43.1862421767; 5.8730401354;10366
13077;13110;PORT-DE-BOUC;BOUCHES-DU-RHONE;43.4233518835; 4.99266322339;171
6102;6420;RIMPLAS;ALPES-MARITIMES;44.1027644402; 7.14505338526;3293
83066;83560;GINASSERVIS;VAR;43.6592918147; 5.83752000648;6843
6133;6470;SAUZE;ALPES-MARITIMES;44.0852199876; 6.80072324584;8114
84053;84600;GRILLON;VAUCLUSE;44.3945766896; 4.93414256152;12515
83040;83840;CHATEAUVIEUX;VAR;43.7886170767; 6.59569074716;21347
84103;84400;RUSTREL;VAUCLUSE;43.9299576961; 5.47580805616;21068
6120;6660;SAINT-ETIENNE-DE-TINEE;ALPES-MARITIMES;44.2491492809; 6.92452445063;10126
13092;13250;SAINT-CHAMAS;BOUCHES-DU-RHONE;43.5436905217; 5.07329988936;2597
4236;4170;VERGONS;ALPES-DE-HAUTE-PROVENCE;43.9152134017; 6.6046313619;8559
5077;5350;MOLINES-EN-QUEYRAS;HAUTES-ALPES;44.7166553487; 6.89190806069;9080
83136;83340;LE THORONET;VAR;43.458933028; 6.28265623456;3947
5057;5130;FOUILLOUSE;HAUTES-ALPES;44.4531851404; 6.00063153146;32277
84003;84400;APT;VAUCLUSE;43.879393265; 5.38921757843;9623
5043;5500;LES COSTES;HAUTES-ALPES;44.7485743408; 6.04728565137;20657
84136;84190;VACQUEYRAS;VAUCLUSE;44.1452203037; 4.9790786368;15938
13088;13740;LE ROVE;BOUCHES-DU-RHONE;43.3653374562; 5.25292240431;3402
4235;4140;VERDACHES;ALPES-DE-HAUTE-PROVENCE;44.2677990746; 6.34334657591;9286
84109;84330;SAINT-HIPPOLYTE-LE-GRAVEYRON;VAUCLUSE;44.1203739984; 5.07610929797;34817
6115;6260;SAINT-ANTONIN;ALPES-MARITIMES;43.9078444006; 6.97661268948;6649
13044;13450;GRANS;BOUCHES-DU-RHONE;43.6142225937; 5.04474558898;34794
4112;4100;MANOSQUE;ALPES-DE-HAUTE-PROVENCE;43.8354040831; 5.79106654173;7255
6015;6390;BERRE-LES-ALPES;ALPES-MARITIMES;43.8378738812; 7.33076301102;10717
83027;83740;LA CADIERE-D'AZUR;VAR;43.2032263059; 5.72471001592;21626
5082;5600;MONT-DAUPHIN;HAUTES-ALPES;44.6690562408; 6.62465091015;30728
84024;84240;CABRIERES-D'AIGUES;VAUCLUSE;43.7913015359; 5.49177311487;27900
4049;4160;CHATEAU-ARNOUX-SAINT-AUBAN;ALPES-DE-HAUTE-PROVENCE;44.0854706133; 5.99239535024;1810
84135;84100;UCHAUX;VAUCLUSE;44.2160888468; 4.80180924895;18751
5075;5400;MANTEYER;HAUTES-ALPES;44.5333321119; 5.94989667477;17119
83149;83690;VILLECROZE;VAR;43.564445349; 6.28543419016;28618
84016;84370;BEDARRIDES;VAUCLUSE;44.0477457533; 4.90804109098;16701
83091;83390;PIERREFEU-DU-VAR;VAR;43.2345472455; 6.17955823473;12021
13079;13114;PUYLOUBIER;BOUCHES-DU-RHONE;43.5186378192; 5.67758737833;3976
83074;83840;LA MARTRE;VAR;43.76358635; 6.59269594698;28874
84072;84380;MAZAN;VAUCLUSE;44.0545320098; 5.13048600927;9033
6138;6590;THEOULE-SUR-MER;ALPES-MARITIMES;43.4985345439; 6.92965248383;3284
83115;83120;SAINTE-MAXIME;VAR;43.3564730986; 6.61172790208;8984
5020;5500;BENEVENT-ET-CHARBILLAC;HAUTES-ALPES;44.7041185824; 6.08385214149;4165
4084;4270;ESTOUBLON;ALPES-DE-HAUTE-PROVENCE;43.943168614; 6.19407821084;27329
6130;6460;SAINT-VALLIER-DE-THIEY;ALPES-MARITIMES;43.696895033; 6.85062748704;5598
83126;83500;LA SEYNE-SUR-MER;VAR;43.0880294967; 5.87089841754;1499
5128;5200;SAINT-ANDRE-D'EMBRUN;HAUTES-ALPES;44.5866569322; 6.57072142721;899
83113;83560;SAINT-JULIEN;VAR;43.6999613716; 5.91499316614;3368
13096;13460;SAINTES-MARIES-DE-LA-MER;BOUCHES-DU-RHONE;43.50398297; 4.46396357194;11759
4138;4300;NIOZELLES;ALPES-DE-HAUTE-PROVENCE;43.9318568104; 5.84735007889;24189
4205;4140;SEYNE;ALPES-DE-HAUTE-PROVENCE;44.3390108176; 6.38482796835;6821
84121;84240;SANNES;VAUCLUSE;43.7566978031; 5.48858992739;29956
84008;84330;LE BARROUX;VAUCLUSE;44.1547724058; 5.09918948911;25649
4228;4250;VALAVOIRE;ALPES-DE-HAUTE-PROVENCE;44.2795099462; 6.07615731535;27573
5070;5300;LARAGNE-MONTEGLIN;HAUTES-ALPES;44.3340345431; 5.81650957133;12299
83124;83440;SEILLANS;VAR;43.6466457482; 6.61301408536;11315
5174;5100;VAL-DES-PRES;HAUTES-ALPES;44.9505522191; 6.66654834986;1106
84122;84260;SARRIANS;VAUCLUSE;44.0993149114; 4.95726948743;20946
83099;83480;PUGET-SUR-ARGENS;VAR;43.4717671252; 6.68628195857;4837
84098;84110;ROAIX;VAUCLUSE;44.2551304462; 5.01515147311;8514
5025;5500;BUISSARD;HAUTES-ALPES;44.6575269333; 6.14755068818;16789
6155;6220;VALLAURIS;ALPES-MARITIMES;43.5766472999; 7.05836612893;8254
84100;84190;LA ROQUE-ALRIC;VAUCLUSE;44.1448441393; 5.06883398959;32161
6140;6530;LE TIGNET;ALPES-MARITIMES;43.623581463; 6.85261791799;7878
4166;4500;RIEZ;ALPES-DE-HAUTE-PROVENCE;43.8284587474; 6.08237819985;9305
84055;84450;JONQUERETTES;VAUCLUSE;43.9491839695; 4.94413967569;5049
5183;5100;VILLAR-SAINT-PANCRACE;HAUTES-ALPES;44.8395685825; 6.65048294053;1871
5060;5400;FURMEYER;HAUTES-ALPES;44.5368984209; 5.87585358829;27962
5061;5000;GAP;HAUTES-ALPES;44.5798600596; 6.06486052138;17729
5045;5200;CROTS;HAUTES-ALPES;44.496293828; 6.46197152572;9409
6067;6500;GORBIO;ALPES-MARITIMES;43.7860281963; 7.44603824995;14195
83092;83790;PIGNANS;VAR;43.2968837854; 6.25442934778;5681
4227;4110;VACHERES;ALPES-DE-HAUTE-PROVENCE;43.9467491617; 5.63529437;1693
5005;5300;ANTONAVES;HAUTES-ALPES;44.2564306132; 5.8064315265;28566
83142;83840;TRIGANCE;VAR;43.7414008338; 6.43648594376;15703
84020;84480;BONNIEUX;VAUCLUSE;43.8270930656; 5.31457906958;5013
4033;4340;LA BREOLE;ALPES-DE-HAUTE-PROVENCE;44.4434662119; 6.28924750363;5767
83059;83136;FORCALQUEIRET;VAR;43.3366392546; 6.09141410603;18057
6105;6330;ROQUEFORT-LES-PINS;ALPES-MARITIMES;43.6741732535; 7.0530127273;8268
83108;83136;LA ROQUEBRUSSANNE;VAR;43.3371906607; 5.9839377705;3951
13013;13720;BELCODENE;BOUCHES-DU-RHONE;43.4220302139; 5.58376148513;23442
83089;83470;OLLIERES;VAR;43.5101955138; 5.81646293354;33615
6150;6320;LA TURBIE;ALPES-MARITIMES;43.7451419024; 7.39791811712;11949
13053;13370;MALLEMORT;BOUCHES-DU-RHONE;43.7285832667; 5.18297726548;18741
83036;83240;CAVALAIRE-SUR-MER;VAR;43.1819055812; 6.52121721395;9288
84056;84150;JONQUIERES;VAUCLUSE;44.1318029558; 4.91341542999;27506
4181;4270;SAINT-JEANNET;ALPES-DE-HAUTE-PROVENCE;43.9793220173; 6.11801552777;166
83034;83320;CARQUEIRANNE;VAR;43.0971940145; 6.0717379342;716
4234;5130;VENTEROL;ALPES-DE-HAUTE-PROVENCE;44.4423460092; 6.0873850138;5958
5139;5250;SAINT-ETIENNE-EN-DEVOLUY;HAUTES-ALPES;44.6775419763; 5.94047368781;14158
6157;6140;VENCE;ALPES-MARITIMES;43.7384640641; 7.10194436087;17871
13012;13100;BEAURECUEIL;BOUCHES-DU-RHONE;43.5220542383; 5.545935902;29127
4159;4150;REDORTIERS;ALPES-DE-HAUTE-PROVENCE;44.0981211073; 5.61414591507;6598
4104;4300;LIMANS;ALPES-DE-HAUTE-PROVENCE;43.986604993; 5.72366425789;4125
5171;5190;THEUS;HAUTES-ALPES;44.4852106101; 6.19688253047;16187
6131;6910;SALLAGRIFFON;ALPES-MARITIMES;43.8807695445; 6.91373768806;34633
6156;6450;VENANSON;ALPES-MARITIMES;44.0413364561; 7.23918508448;35117
13212;13012;MARSEILLE-12E--ARRONDISSEMENT;BOUCHES-DU-RHONE;43.3077683678; 5.43991567678;36600
6082;6710;MASSOINS;ALPES-MARITIMES;43.9477022711; 7.12430252381;4599
5104;5500;POLIGNY;HAUTES-ALPES;44.6848876675; 6.03431860597;11076
5153;5260;SAINT-MICHEL-DE-CHAILLOL;HAUTES-ALPES;44.6888900905; 6.16982010891;2441
84081;84310;MORIERES-LES-AVIGNON;VAUCLUSE;43.9337788848; 4.90875878315;29013
5148;5500;SAINT-LAURENT-DU-CROS;HAUTES-ALPES;44.6342790978; 6.10886829684;19120
4156;4700;PUIMICHEL;ALPES-DE-HAUTE-PROVENCE;43.9791657071; 6.02538678185;1496
4035;4210;BRUNET;ALPES-DE-HAUTE-PROVENCE;43.8858785364; 6.03257536276;18073
4012;4110;AUBENAS-LES-ALPES;ALPES-DE-HAUTE-PROVENCE;43.9335584163; 5.67694693989;26543
6060;6950;FALICON;ALPES-MARITIMES;43.752536584; 7.26554536957;16264
6003;6750;ANDON;ALPES-MARITIMES;43.7769856778; 6.82318647257;10614
84144;84750;VIENS;VAUCLUSE;43.9031226397; 5.5602158314;908
6143;6710;TOUET-SUR-VAR;ALPES-MARITIMES;43.9433123484; 7.01347640084;933
6028;6750;CAILLE;ALPES-MARITIMES;43.7686953119; 6.75666650268;22410
83082;83131;MONTFERRAT;VAR;43.6363885978; 6.47846723467;33982
84041;84410;CRILLON-LE-BRAVE;VAUCLUSE;44.1180400609; 5.15095331396;28543
83114;83560;SAINT-MARTIN-DE-PALLIERES;VAR;43.5741845385; 5.88790860086;6957
13027;13160;CHATEAURENARD;BOUCHES-DU-RHONE;43.8824707581; 4.83990004648;17947
6058;6460;ESCRAGNOLLES;ALPES-MARITIMES;43.7294033373; 6.7833728891;13183
83017;83210;BELGENTIER;VAR;43.2399564384; 5.99665900105;18005
4175;4110;SAINTE-CROIX-A-LAUZE;ALPES-DE-HAUTE-PROVENCE;43.9042070968; 5.61568170523;15000
83117;83440;SAINT-PAUL-EN-FORET;VAR;43.564768209; 6.68269608083;2590
4020;4140;BARLES;ALPES-DE-HAUTE-PROVENCE;44.2730280199; 6.25325743878;1766
6017;6510;BEZAUDUN-LES-ALPES;ALPES-MARITIMES;43.803621969; 7.09357147024;22996
6153;6420;VALDEBLORE;ALPES-MARITIMES;44.1127596533; 7.19571891201;11015
83121;83690;SALERNES;VAR;43.5621099339; 6.22873067235;35727
13039;13270;FOS-SUR-MER;BOUCHES-DU-RHONE;43.4556812107; 4.90452133912;33981
6109;6670;LA ROQUETTE-SUR-VAR;ALPES-MARITIMES;43.8332735566; 7.20466243305;29014
13116;13670;VERQUIERES;BOUCHES-DU-RHONE;43.8386551607; 4.9188995104;24530
5014;5300;BARRET-SUR-MEOUGE;HAUTES-ALPES;44.2647188875; 5.72864435071;8299
84068;84160;LOURMARIN;VAUCLUSE;43.7780333839; 5.36616174066;36292
6074;6450;LANTOSQUE;ALPES-MARITIMES;43.9706457549; 7.30485730116;935
6007;6810;AURIBEAU-SUR-SIAGNE;ALPES-MARITIMES;43.612406867; 6.91211356657;23741
83087;83860;NANS-LES-PINS;VAR;43.3790514316; 5.78486448585;29249
5068;5130;JARJAYES;HAUTES-ALPES;44.50532996; 6.10808996032;11528
13024;13350;CHARLEVAL;BOUCHES-DU-RHONE;43.721111879; 5.24576645287;27817
6021;6830;BONSON;ALPES-MARITIMES;43.8622934824; 7.1827870979;24531
6042;6420;CLANS;ALPES-MARITIMES;44.0049097261; 7.17876366942;8745
6036;6500;CASTILLON;ALPES-MARITIMES;43.8361451105; 7.46455247487;20011
84138;84600;VALREAS;VAUCLUSE;44.3771588623; 4.99354936197;8530
6136;6380;SOSPEL;ALPES-MARITIMES;43.8844607415; 7.44794904955;10173
84108;84210;SAINT-DIDIER;VAUCLUSE;44.0092549793; 5.10865247521;4234
13090;13100;SAINT-ANTONIN-SUR-BAYON;BOUCHES-DU-RHONE;43.517185261; 5.59403460953;3948
6055;6670;DURANUS;ALPES-MARITIMES;43.8940350601; 7.28022686159;14068
83141;83720;TRANS-EN-PROVENCE;VAR;43.5024684242; 6.48943252904;18705
13080;13610;LE PUY-SAINTE-REPARADE;BOUCHES-DU-RHONE;43.6518285649; 5.43958389565;14987
5109;5100;PUY-SAINT-PIERRE;HAUTES-ALPES;44.8973152572; 6.60470761793;22107
84023;84480;BUOUX;VAUCLUSE;43.8218210603; 5.37501768295;5592
6046;6670;COLOMARS;ALPES-MARITIMES;43.7594234187; 7.22263249849;18753
6068;6620;GOURDON;ALPES-MARITIMES;43.7242493778; 6.96356065093;721
84093;84360;PUGET;VAUCLUSE;43.7695336639; 5.2569973443;25429
6059;6360;EZE;ALPES-MARITIMES;43.7289260198; 7.36057188413;30346
84010;84120;LA BASTIDONNE;VAUCLUSE;43.6928383261; 5.57769351768;14481
4009;4420;ARCHAIL;ALPES-DE-HAUTE-PROVENCE;44.1110653424; 6.33071411194;6595
6023;6540;BREIL-SUR-ROYA;ALPES-MARITIMES;43.9404304718; 7.50391615024;2823
13018;13440;CABANNES;BOUCHES-DU-RHONE;43.8584804516; 4.95793402726;9893
5166;5700;SERRES;HAUTES-ALPES;44.4213858087; 5.71549751124;12812
13085;13830;ROQUEFORT-LA-BEDOULE;BOUCHES-DU-RHONE;43.2510907217; 5.62904634328;6463
84054;84800;L'ISLE-SUR-LA-SORGUE;VAUCLUSE;43.913397592; 5.05664277545;21831
4139;4200;NOYERS-SUR-JABRON;ALPES-DE-HAUTE-PROVENCE;44.1686523521; 5.80998243978;8209
5157;5350;SAINT-VERAN;HAUTES-ALPES;44.684530806; 6.8905743766;1895
6071;6470;GUILLAUMES;ALPES-MARITIMES;44.088068317; 6.87493501534;7874
84043;84320;ENTRAIGUES-SUR-LA-SORGUE;VAUCLUSE;43.9950173356; 4.93295387179;714
5053;5300;EYGUIANS;HAUTES-ALPES;44.3570512046; 5.78336490177;18611
6139;6710;THIERY;ALPES-MARITIMES;43.9741390022; 7.0424567137;11937
4155;4420;PRADS-HAUTE-BLEONE;ALPES-DE-HAUTE-PROVENCE;44.2134336367; 6.46376994635;10993
6016;6470;BEUIL;ALPES-MARITIMES;44.1081242884; 6.97212458083;10821
84111;84110;SAINT-MARCELLIN-LES-VAISON;VAUCLUSE;44.2371484247; 5.10190359879;30093
13032;13510;EGUILLES;BOUCHES-DU-RHONE;43.5711208794; 5.32885751916;7648
83016;83330;LE BEAUSSET;VAR;43.2069315557; 5.82020086096;7143
4171;4120;ROUGON;ALPES-DE-HAUTE-PROVENCE;43.7966594802; 6.39318145128;13155
83088;83136;NEOULES;VAR;43.2945310996; 6.02592739077;6702
84030;84330;CAROMB;VAUCLUSE;44.1124328753; 5.10687040517;11972
6041;6620;CIPIERES;ALPES-MARITIMES;43.7695926923; 6.92814526285;5050
6147;6690;TOURRETTE-LEVENS;ALPES-MARITIMES;43.7860737213; 7.2725568209;31510
4113;4420;MARCOUX;ALPES-DE-HAUTE-PROVENCE;44.128219237; 6.28007885939;13519
13001;13080/13090/13100/13290/13540;AIX-EN-PROVENCE;BOUCHES-DU-RHONE;43.5360708378; 5.39857444582;13666
13086;13360;ROQUEVAIRE;BOUCHES-DU-RHONE;43.3437864693; 5.59772643152;17188
84117;84290;SAINT-ROMAN-DE-MALEGARDE;VAUCLUSE;44.2632239809; 4.95674983862;22308
5184;5110;VITROLLES;HAUTES-ALPES;44.4246526523; 5.94769008285;3267
84107;84390;SAINT-CHRISTOL;VAUCLUSE;44.0312802167; 5.50324881102;111
6145;6830;TOURETTE-DU-CHATEAU;ALPES-MARITIMES;43.8782752079; 7.13734511498;7594
4022;4330;BARREME;ALPES-DE-HAUTE-PROVENCE;43.9462808705; 6.37811558709;761
6094;6470;PEONE;ALPES-MARITIMES;44.1299250439; 6.92098583862;932
13094;13103;SAINT-ETIENNE-DU-GRES;BOUCHES-DU-RHONE;43.7849429124; 4.73566400662;21639
84104;84110;SABLET;VAUCLUSE;44.1947680688; 5.00118216056;22442
5180;5120;LES VIGNEAUX;HAUTES-ALPES;44.8212773186; 6.53677172828;29768
6137;6530;SPERACEDES;ALPES-MARITIMES;43.6524506812; 6.85685670407;34444
4188;4300;SAINT-MAIME;ALPES-DE-HAUTE-PROVENCE;43.900642071; 5.801542403;15297
83022;83840;BRENON;VAR;43.7658451995; 6.53777644844;16997
4173;4170;SAINT-ANDRE-LES-ALPES;ALPES-DE-HAUTE-PROVENCE;43.9713301406; 6.50149712225;9922
4194;6260;SAINT-PIERRE;ALPES-DE-HAUTE-PROVENCE;43.9088889412; 6.92184591099;18612
84070;84570;MALEMORT-DU-COMTAT;VAUCLUSE;44.0188189905; 5.16741843804;35152
84143;84210;VENASQUE;VAUCLUSE;43.9851237661; 5.16506865588;9138
84062;84800;LAGNES;VAUCLUSE;43.8924876869; 5.11458669428;1773
4096;4850;JAUSIERS;ALPES-DE-HAUTE-PROVENCE;44.3876110175; 6.78602312361;9117
5173;5300;UPAIX;HAUTES-ALPES;44.3196073716; 5.88311432396;10068
83084;83670;MONTMEYAN;VAR;43.6482569436; 6.06124619134;32164
5009;5800;ASPRES-LES-CORPS;HAUTES-ALPES;44.8128831432; 6.00076834757;4866
5081;5700;MONTCLUS;HAUTES-ALPES;44.4149343324; 5.66992087691;50
5038;5350;CHATEAU-VILLE-VIEILLE;HAUTES-ALPES;44.7677289666; 6.8000656504;4767
4184;4410;SAINT-JURS;ALPES-DE-HAUTE-PROVENCE;43.8990474204; 6.19288088982;14064
5133;5330;SAINT-CHAFFREY;HAUTES-ALPES;44.9346479572; 6.60139023926;4304
4216;4200;THEZE;ALPES-DE-HAUTE-PROVENCE;44.3297532432; 5.92502310147;27963
5150;5150;SAINTE-MARIE;HAUTES-ALPES;44.4639998729; 5.47415675357;19441
13203;13003;MARSEILLE--3E--ARRONDISSEMENT;BOUCHES-DU-RHONE;43.3121200046; 5.38010981423;36591
4102;4340;LE LAUZET-UBAYE;ALPES-DE-HAUTE-PROVENCE;44.432913878; 6.41942527455;58
84031;84200;CARPENTRAS;VAUCLUSE;44.0593802565; 5.06134844776;4142
4050;4250;CHATEAUFORT;ALPES-DE-HAUTE-PROVENCE;44.2750461186; 6.0296701152;8006
83139;83690;TOURTOUR;VAR;43.5935800875; 6.310682972;34111
84147;84530;VILLELAURE;VAUCLUSE;43.7075157136; 5.43085449725;27924
5147;5500;SAINT-JULIEN-EN-CHAMPSAUR;HAUTES-ALPES;44.6685288872; 6.129921943;5953
4174;4240;SAINT-BENOIT;ALPES-DE-HAUTE-PROVENCE;43.9629414064; 6.72386704569;13917
4085;4250;FAUCON-DU-CAIRE;ALPES-DE-HAUTE-PROVENCE;44.3959463913; 6.1036738865;7220
5140;5130;SAINT-ETIENNE-LE-LAUS;HAUTES-ALPES;44.5080346822; 6.16323058106;32331
13099;13115;SAINT-PAUL-LES-DURANCE;BOUCHES-DU-RHONE;43.6854814023; 5.75372558845;1530
84105;84400;SAIGNON;VAUCLUSE;43.8604088316; 5.43831613647;2033
5123;5400;LA ROCHE-DES-ARNAUDS;HAUTES-ALPES;44.5838170428; 5.96045927972;5008
4066;5110;CURBANS;ALPES-DE-HAUTE-PROVENCE;44.4083473334; 6.03005001215;1548
5087;5400;MONTMAUR;HAUTES-ALPES;44.5897361415; 5.88561114683;8676
13070;13821;LA PENNE-SUR-HUVEAUNE;BOUCHES-DU-RHONE;43.2772079729; 5.51850914394;27130
6070;6620;GREOLIERES;ALPES-MARITIMES;43.8070006506; 6.93196496167;9954
84063;84840;LAMOTTE-DU-RHONE;VAUCLUSE;44.2761614284; 4.67510511716;27808
13214;13014;MARSEILLE-14E--ARRONDISSEMENT;BOUCHES-DU-RHONE;43.3455018067; 5.39408915769;36602
5094;5700;NOSSAGE-ET-BENEVENT;HAUTES-ALPES;44.3097205577; 5.75452221708;15195
5042;5250;LA CLUSE;HAUTES-ALPES;44.6423278601; 5.84169142897;9301
6110;6420;ROUBION;ALPES-MARITIMES;44.1085047639; 7.02802973178;13793
84052;84240;GRAMBOIS;VAUCLUSE;43.7605598424; 5.6040344355;5597
5008;5140;ASPREMONT;HAUTES-ALPES;44.4929345499; 5.72022682239;15496
5052;5600;EYGLIERS;HAUTES-ALPES;44.6925244966; 6.66688741371;10901
4148;4120;PEYROULES;ALPES-DE-HAUTE-PROVENCE;43.8169194662; 6.64310114729;5769
5090;5500;LA MOTTE-EN-CHAMPSAUR;HAUTES-ALPES;44.7407367523; 6.12930149849;961
84013;84220;BEAUMETTES;VAUCLUSE;43.8631590289; 5.2036579356;25766
5161;5240;LA SALLE-LES-ALPES;HAUTES-ALPES;44.9526685727; 6.5653564178;11579
13006;13930;AUREILLE;BOUCHES-DU-RHONE;43.7000726884; 4.94496642243;14376
13211;13011;MARSEILLE-11E--ARRONDISSEMENT;BOUCHES-DU-RHONE;43.2884471881; 5.48381466229;36599
6103;6450;ROQUEBILLIERE;ALPES-MARITIMES;44.0270951827; 7.29269467197;4519
4054;4270;CHATEAUREDON;ALPES-DE-HAUTE-PROVENCE;44.026508747; 6.22429507853;31424
5079;5220;LE MONETIER-LES-BAINS;HAUTES-ALPES;44.9956106766; 6.46966497275;8661
6069;06130/06520;GRASSE;ALPES-MARITIMES;43.655639428; 6.93190508233;9472
4170;6260;LA ROCHETTE;ALPES-DE-HAUTE-PROVENCE;43.9122760348; 6.88070058923;29264
13068;13520;PARADOU;BOUCHES-DU-RHONE;43.7082242761; 4.77828143607;30664
83045;83570;CORRENS;VAR;43.4864185627; 6.06826217623;9449
84128;84400;SIVERGUES;VAUCLUSE;43.8229667306; 5.41627509912;23454
83097;83910;POURRIERES;VAR;43.4938863602; 5.74717711665;9030
83038;83300;CHATEAUDOUBLE;VAR;43.6234657127; 6.43567132454;3269
6148;6140;TOURRETTES-SUR-LOUP;ALPES-MARITIMES;43.7174536642; 7.03989376281;6521
6040;6470;CHATEAUNEUF-D'ENTRAUNES;ALPES-MARITIMES;44.1639701619; 6.83506555715;33398
84026;84160;CADENET;VAUCLUSE;43.7304056282; 5.38354319666;21370
5012;5200;BARATIER;HAUTES-ALPES;44.5049966967; 6.50494218197;29247
6066;6830;GILETTE;ALPES-MARITIMES;43.8481962471; 7.1613234113;31928
4149;4310;PEYRUIS;ALPES-DE-HAUTE-PROVENCE;44.03515352; 5.92833355728;3245
6126;6670;SAINT-MARTIN-DU-VAR;ALPES-MARITIMES;43.8166172421; 7.19929220425;21387
13208;13008;MARSEILLE--8E--ARRONDISSEMENT;BOUCHES-DU-RHONE;43.2417271832; 5.37464436293;36596
13019;13480;CABRIES;BOUCHES-DU-RHONE;43.4496421919; 5.34976663984;743
5155;5300;SAINT-PIERRE-AVEZ;HAUTES-ALPES;44.2485428256; 5.76838211104;20598
5085;5100;MONTGENEVRE;HAUTES-ALPES;44.9389932221; 6.72778259009;5662
4241;4110;VILLEMUS;ALPES-DE-HAUTE-PROVENCE;43.8613317961; 5.70930443127;7512
13041;13120;GARDANNE;BOUCHES-DU-RHONE;43.4526063249; 5.47963860272;9705
84123;84390;SAULT;VAUCLUSE;44.0729876027; 5.39889956617;3165
83107;83520;ROQUEBRUNE-SUR-ARGENS;VAR;43.4285090958; 6.65212881719;8873
6112;6650;LE ROURET;ALPES-MARITIMES;43.6795612779; 7.00962553615;16702
6122;6640;SAINT-JEANNET;ALPES-MARITIMES;43.758845389; 7.14073211756;4235
84047;84400;GARGAS;VAUCLUSE;43.8960653944; 5.34362330109;34126
83031;83340;LE CANNET-DES-MAURES;VAR;43.3737632121; 6.3755010333;19132
13034;13810;EYGALIERES;BOUCHES-DU-RHONE;43.7617047487; 4.95211983638;25874
84004;84810;AUBIGNAN;VAUCLUSE;44.0977380589; 5.03165676735;33313
13107;13109;SIMIANE-COLLONGUE;BOUCHES-DU-RHONE;43.411551859; 5.43796924424;26481
4191;4140;SAINT-MARTIN-LES-SEYNE;ALPES-DE-HAUTE-PROVENCE;44.3827202732; 6.2555532059;14346
84057;84220;JOUCAS;VAUCLUSE;43.9263664747; 5.25260939996;25798
5162;5110;LA SAULCE;HAUTES-ALPES;44.4305124468; 6.01099383219;18769
4030;4330;BLIEUX;ALPES-DE-HAUTE-PROVENCE;43.8746274845; 6.36279670798;25314
13109;13100;LE THOLONET;BOUCHES-DU-RHONE;43.5196914136; 5.50819253944;3977
84137;84110;VAISON-LA-ROMAINE;VAUCLUSE;44.247701867; 5.06040782309;2642
6104;6190;ROQUEBRUNE-CAP-MARTIN;ALPES-MARITIMES;43.7638278953; 7.4587361611;8231
6043;6390;COARAZE;ALPES-MARITIMES;43.8664901786; 7.29913349222;35153
84087;84100;ORANGE;VAUCLUSE;44.128913537; 4.8098792403;6065
13084;13640;LA ROQUE-D'ANTHERON;BOUCHES-DU-RHONE;43.7176409517; 5.30157633559;3599
5064;5800;LA CHAPELLE-EN-VALGAUDEMAR;HAUTES-ALPES;44.8166177861; 6.2425779341;5871
83153;83430;SAINT-MANDRIER-SUR-MER;VAR;43.0754322948; 5.92642315155;4772
6033;6510;CARROS;ALPES-MARITIMES;43.7850390592; 7.18414159904;31157
5106;5230;PRUNIERES;HAUTES-ALPES;44.5433412641; 6.33640431241;900
83106;83136;ROCBARON;VAR;43.3066686926; 6.08361658334;23692
6086;6380;MOULINET;ALPES-MARITIMES;43.9536991394; 7.41400405447;2004
5130;5160;SAINT-APOLLINAIRE;HAUTES-ALPES;44.5578704136; 6.3539003526;35107
6161;6270;VILLENEUVE-LOUBET;ALPES-MARITIMES;43.6492560734; 7.10728434873;720
4162;4150;REVEST-DES-BROUSSES;ALPES-DE-HAUTE-PROVENCE;43.9754850716; 5.67501221174;1550
84145;84400;VILLARS;VAUCLUSE;43.9519813835; 5.43334418436;11538
6098;6260;PUGET-ROSTANG;ALPES-MARITIMES;43.9872004758; 6.93685582204;13455
83134;83460;TARADEAU;VAR;43.4612575373; 6.43066360323;25545
4211;4290;SOURRIBES;ALPES-DE-HAUTE-PROVENCE;44.1588664818; 6.04430204786;31505
83071;83250;LA LONDE-LES-MAURES;VAR;43.1689213414; 6.24285151023;10760
13104;13960;SAUSSET-LES-PINS;BOUCHES-DU-RHONE;43.3456690305; 5.11765506999;23227
6121;6230;SAINT-JEAN-CAP-FERRAT;ALPES-MARITIMES;43.687178893; 7.32993632437;5789
4163;4150;REVEST-DU-BION;ALPES-DE-HAUTE-PROVENCE;44.0940903498; 5.54050938545;4141
5119;5600;RISOUL;HAUTES-ALPES;44.6240380773; 6.62317402744;4904
84006;84400;AURIBEAU;VAUCLUSE;43.8299771658; 5.44809359823;23787
6092;6440;PEILLON;ALPES-MARITIMES;43.7727352898; 7.3714797073;33287
6065;6610;LA GAUDE;ALPES-MARITIMES;43.721423765; 7.16039926444;9456
83021;83149;BRAS;VAR;43.4704081648; 5.95853254417;9586
4047;4660;CHAMPTERCIER;ALPES-DE-HAUTE-PROVENCE;44.096935134; 6.14456451427;26508
83020;83840;LE BOURGUET;VAR;43.7800937383; 6.50345035592;3422
83029;83440;CALLIAN;VAR;43.6125180228; 6.75708895004;10615
13076;13750;PLAN-D'ORGON;BOUCHES-DU-RHONE;43.8181261115; 5.00228183234;33058
84083;84550;MORNAS;VAUCLUSE;44.2037476388; 4.74014549297;33119
5071;5110;LARDIER-ET-VALENCA;HAUTES-ALPES;44.4366046505; 5.97348526761;5595
6089;6650;OPIO;ALPES-MARITIMES;43.6575610719; 7.00860864158;30785
6024;6850;BRIANCONNET;ALPES-MARITIMES;43.8649498097; 6.74501344628;13739
4036;4420;LE BRUSQUET;ALPES-DE-HAUTE-PROVENCE;44.1681621392; 6.30347351863;27590
84012;84190;BEAUMES-DE-VENISE;VAUCLUSE;44.1233856856; 5.02875589827;36090
83023;83170;BRIGNOLES;VAR;43.3992941902; 6.07740244296;12076
13204;13004;MARSEILLE--4E--ARRONDISSEMENT;BOUCHES-DU-RHONE;43.306733355; 5.40087488752;36592
5182;5800;VILLAR-LOUBIERE;HAUTES-ALPES;44.8367273336; 6.13559761308;717
4129;4110;MONTJUSTIN;ALPES-DE-HAUTE-PROVENCE;43.8452930923; 5.65023560321;14019
83011;83830;BARGEMON;VAR;43.6333104555; 6.54244589208;33429
4187;4330;SAINT-LIONS;ALPES-DE-HAUTE-PROVENCE;43.9786318012; 6.40627740741;21386
84142;84740;VELLERON;VAUCLUSE;43.9615700853; 5.02837053925;12211
6079;6210;MANDELIEU-LA-NAPOULE;ALPES-MARITIMES;43.5380510468; 6.91808936542;24747
4179;4200;SAINT-GENIEZ;ALPES-DE-HAUTE-PROVENCE;44.2326668931; 6.06267402716;4937
84019;84500;BOLLENE;VAUCLUSE;44.2882016409; 4.75235956257;32793
5122;5310;LA ROCHE-DE-RAME;HAUTES-ALPES;44.7656681153; 6.61644369734;4867
4005;4170;ALLONS;ALPES-DE-HAUTE-PROVENCE;43.9803884973; 6.59032744238;4236
84042;84160;CUCURON;VAUCLUSE;43.778224355; 5.44361580359;8734
13114;13122;VENTABREN;BOUCHES-DU-RHONE;43.5422528534; 5.30622321985;6932
6100;6830;REVEST-LES-ROCHES;ALPES-MARITIMES;43.8831297435; 7.16778277098;21069
5101;5340;PELVOUX;HAUTES-ALPES;44.899639207; 6.43586430867;4870
84119;84450;SAINT-SATURNIN-LES-AVIGNON;VAUCLUSE;43.9621529369; 4.94109967241;16112
83015;83630;BAUDUEN;VAR;43.7157423488; 6.20204455595;19816
4095;4150;L'HOSPITALET;ALPES-DE-HAUTE-PROVENCE;44.1089187611; 5.70685925605;35745
13064;13940;MOLLEGES;BOUCHES-DU-RHONE;43.8053410404; 4.9488694514;29390
83151;83170;VINS-SUR-CARAMY;VAR;43.4330128814; 6.15001836504;24748
13059;13650;MEYRARGUES;BOUCHES-DU-RHONE;43.6244876475; 5.52271513103;5874
6152;6560;VALBONNE;ALPES-MARITIMES;43.628288325; 7.02954476696;4994
4192;4870;SAINT-MICHEL-L'OBSERVATOIRE;ALPES-DE-HAUTE-PROVENCE;43.909879406; 5.72004315449;14030
84007;84000;AVIGNON;VAUCLUSE;43.9352448339; 4.84071572505;2841
83003;83111;AMPUS;VAR;43.628363684; 6.3718765021;9789
4199;4200;SAINT-VINCENT-SUR-JABRON;ALPES-DE-HAUTE-PROVENCE;44.1697659083; 5.74794765286;27194
5027;5100;CERVIERES;HAUTES-ALPES;44.8532848504; 6.76486547281;6759
5091;5150;MOYDANS;HAUTES-ALPES;44.4099745186; 5.50897346198;31405
5036;5380;CHATEAUROUX-LES-ALPES;HAUTES-ALPES;44.6423670958; 6.48290823337;39
84025;84220;CABRIERES-D'AVIGNON;VAUCLUSE;43.8965322686; 5.15279801626;35378
6123;6700;SAINT-LAURENT-DU-VAR;ALPES-MARITIMES;43.6859625772; 7.18218791815;26768
6111;6420;ROURE;ALPES-MARITIMES;44.1189138677; 7.06680296507;7194
4150;5130;PIEGUT;ALPES-DE-HAUTE-PROVENCE;44.4533786118; 6.1317225786;24207
5037;5000;CHATEAUVIEUX;HAUTES-ALPES;44.4841748312; 6.05187114632;35379
83057;83340;FLASSANS-SUR-ISSOLE;VAR;43.3760987922; 6.22162416541;722
13113;13770;VENELLES;BOUCHES-DU-RHONE;43.5928673895; 5.49138381609;20026
6020;6450;LA BOLLENE-VESUBIE;ALPES-MARITIMES;43.9951453194; 7.37184375426;12609
83138;83440;TOURRETTES;VAR;43.6140539601; 6.72378364475;1500
84028;84290;CAIRANNE;VAUCLUSE;44.2302575549; 4.93339996862;26896
13017;13150;BOULBON;BOUCHES-DU-RHONE;43.867766322; 4.69754706735;14391
6075;6670;LEVENS;ALPES-MARITIMES;43.8500976014; 7.24033027327;8332
4025;4370;BEAUVEZER;ALPES-DE-HAUTE-PROVENCE;44.1439752737; 6.5977277471;34076
6151;6450;UTELLE;ALPES-MARITIMES;43.9273181411; 7.23864462941;24604
5026;5600;CEILLAC;HAUTES-ALPES;44.6526516194; 6.80366189831;8450
4178;4230;SAINT-ETIENNE-LES-ORGUES;ALPES-DE-HAUTE-PROVENCE;44.0670149849; 5.78046052827;7814
83013;83840;LA BASTIDE;VAR;43.7479175346; 6.63264027806;28177
83122;83630;LES SALLES-SUR-VERDON;VAR;43.7670142156; 6.20652542725;21949
84113;84760;SAINT-MARTIN-DE-LA-BRASQUE;VAUCLUSE;43.7640135964; 5.53975821596;29250
5103;5300;LE POET;HAUTES-ALPES;44.2789746584; 5.90131318428;33777
4037;4250;LE CAIRE;ALPES-DE-HAUTE-PROVENCE;44.3744163533; 6.06875774225;20334
83133;83440;TANNERON;VAR;43.5748995232; 6.85671079494;14196
4161;4340;MEOLANS-REVEL;ALPES-DE-HAUTE-PROVENCE;44.3714312017; 6.49846404885;29330
6099;6260;PUGET-THENIERS;ALPES-MARITIMES;43.9521649219; 6.90609311435;3421
5018;5000;LA BATIE-VIEILLE;HAUTES-ALPES;44.5553227405; 6.15570739329;16400
5056;5260;FOREST-SAINT-JULIEN;HAUTES-ALPES;44.6298014381; 6.14107531251;17471
83090;83190;OLLIOULES;VAR;43.1386133658; 5.85369204547;15543
6124;6260;SAINT-LEGER;ALPES-MARITIMES;44.0026597689; 6.82309684994;19332
84129;84700;SORGUES;VAUCLUSE;44.0145763951; 4.86740515419;26845
83135;83670;TAVERNES;VAR;43.6002244031; 6.02099356795;8597
4032;4240;BRAUX;ALPES-DE-HAUTE-PROVENCE;43.993034454; 6.69941127815;27809
4197;4220;SAINTE-TULLE;ALPES-DE-HAUTE-PROVENCE;43.7830482525; 5.77302331731;33635
6025;6510;LE BROC;ALPES-MARITIMES;43.8147822086; 7.15907633922;8411
84067;84870;LORIOL-DU-COMTAT;VAUCLUSE;44.0753500101; 5.00514799731;31446
13065;13890;MOURIES;BOUCHES-DU-RHONE;43.7008454163; 4.89038486174;719
4133;4170;MORIEZ;ALPES-DE-HAUTE-PROVENCE;43.9640929535; 6.46253345907;7398
4008;4240;ANNOT;ALPES-DE-HAUTE-PROVENCE;43.9620009704; 6.66395811566;1660
83147;83630;VERIGNON;VAR;43.6625284051; 6.27650359244;23078
13095;13100;SAINT-MARC-JAUMEGARDE;BOUCHES-DU-RHONE;43.5561849254; 5.52206993794;7581
6132;6540;SAORGE;ALPES-MARITIMES;43.9935318832; 7.53767348426;14127
83076;83136;MAZAUGUES;VAR;43.3448761166; 5.89589582308;6520
84148;84570;VILLES-SUR-AUZON;VAUCLUSE;44.0660605145; 5.25707803023;18070
5031;5310;CHAMPCELLA;HAUTES-ALPES;44.7175774929; 6.53138042905;9331
13110;13530;TRETS;BOUCHES-DU-RHONE;43.4378087269; 5.6999524319;32410
84027;84860;CADEROUSSE;VAUCLUSE;44.1099358763; 4.74345046999;32162
13101;13119;SAINT-SAVOURNIN;BOUCHES-DU-RHONE;43.4057248147; 5.53101491431;15546
83061;83600/83370;FREJUS;VAR;43.4719558114; 6.76361597424;6441
13014;13130;BERRE-L'ETANG;BOUCHES-DU-RHONE;43.5036442498; 5.1606136975;6568
13093;13610;SAINT-ESTEVE-JANSON;BOUCHES-DU-RHONE;43.6923695558; 5.38958912604;34108
6062;6540;FONTAN;ALPES-MARITIMES;44.0219052577; 7.54428215207;8179
5046;5200;EMBRUN;HAUTES-ALPES;44.5804294908; 6.47559298927;7901
6073;6420;ISOLA;ALPES-MARITIMES;44.1872585336; 7.07488062255;12755
83110;83170;ROUGIERS;VAR;43.3818574426; 5.8514412718;9289
84021;84390;BRANTES;VAUCLUSE;44.1853662846; 5.3324742513;10995
6049;6620;COURMES;ALPES-MARITIMES;43.7525533793; 7.01737606418;2544
84106;84290;SAINTE-CECILE-LES-VIGNES;VAUCLUSE;44.2358558507; 4.88928275558;23433
4193;4530;SAINT-PAUL-SUR-UBAYE;ALPES-DE-HAUTE-PROVENCE;44.5588988433; 6.82078770145;12556
5134;5600;SAINT-CLEMENT-SUR-DURANCE;HAUTES-ALPES;44.6478034969; 6.56074041767;34413
5098;5200;LES ORRES;HAUTES-ALPES;44.4850666477; 6.57973142216;13792
4026;4250;BELLAFFAIRE;ALPES-DE-HAUTE-PROVENCE;44.4043915253; 6.19420304469;3140
83050;83300;DRAGUIGNAN;VAR;43.5357513285; 6.45436569191;1881
84139;84800;FONTAINE-DE-VAUCLUSE;VAUCLUSE;43.9220820962; 5.13125424344;8014
4086;4400;FAUCON-DE-BARCELONNETTE;ALPES-DE-HAUTE-PROVENCE;44.4135826726; 6.67868075997;14203
13071;13170;LES PENNES-MIRABEAU;BOUCHES-DU-RHONE;43.4026791235; 5.31547094057;10877
4006;4260;ALLOS;ALPES-DE-HAUTE-PROVENCE;44.2614961379; 6.62671789984;7364
4018;4150;BANON;ALPES-DE-HAUTE-PROVENCE;44.0269448077; 5.64964715248;2645
4076;4320;ENTREVAUX;ALPES-DE-HAUTE-PROVENCE;43.9502625021; 6.80238543689;8529
6141;6830;TOUDON;ALPES-MARITIMES;43.8914641921; 7.10840770616;13025
84132;84250;LE THOR;VAUCLUSE;43.928239832; 4.99324123379;8064
13047;13800;ISTRES;BOUCHES-DU-RHONE;43.5502689105; 4.9511813524;11515
4177;4380;HAUTES-DUYES;ALPES-DE-HAUTE-PROVENCE;44.1949051654; 6.17423380965;3361
84120;84390;SAINT-TRINIT;VAUCLUSE;44.0960361919; 5.4788587888;32196
13030;13780;CUGES-LES-PINS;BOUCHES-DU-RHONE;43.2805717043; 5.71024615753;3195
84127;84830;SERIGNAN-DU-COMTAT;VAUCLUSE;44.1939012207; 4.84785727207;21067
84131;84300;TAILLADES;VAUCLUSE;43.8315474513; 5.09480690548;18072
13010;13570;BARBENTANE;BOUCHES-DU-RHONE;43.894724982; 4.74934042876;14603
6004;06600/06160;ANTIBES;ALPES-MARITIMES;43.587465146; 7.10635418256;22309
4226;4400;UVERNET-FOURS;ALPES-DE-HAUTE-PROVENCE;44.3191132083; 6.67028443403;59
6034;6670;CASTAGNIERS;ALPES-MARITIMES;43.7921108913; 7.2277413307;19744
6076;6260;LIEUCHE;ALPES-MARITIMES;44.0015669365; 7.03241078566;19427
83055;83440;FAYENCE;VAR;43.6103345822; 6.67843279926;4771
83103;83200;LE REVEST-LES-EAUX;VAR;43.1824918424; 5.94565392204;18559
13015;13320;BOUC-BEL-AIR;BOUCHES-DU-RHONE;43.4472296617; 5.41237056144;30963
13035;13430;EYGUIERES;BOUCHES-DU-RHONE;43.7025562953; 5.01557705248;10925
5022;5190;BREZIERS;HAUTES-ALPES;44.4210530909; 6.22281621001;10209
84029;84850;CAMARET-SUR-AIGUES;VAUCLUSE;44.1596814027; 4.88410397503;12275
5126;5150;ROSANS;HAUTES-ALPES;44.399871954; 5.46146531817;1327
4091;4310;GANAGOBIE;ALPES-DE-HAUTE-PROVENCE;44.0025862123; 5.90850076129;19742
5089;5700;MONTROND;HAUTES-ALPES;44.3867626789; 5.74626176371;34144
83086;83490;LE MUY;VAR;43.4687307949; 6.576949368;7530
5138;5250;SAINT-DISDIER;HAUTES-ALPES;44.7330579165; 5.87952996838;985
13075;13380;PLAN-DE-CUQUES;BOUCHES-DU-RHONE;43.3670927162; 5.46488623464;13027
83065;83580;GASSIN;VAR;43.2392065224; 6.58617518642;4053
6095;6530;PEYMEINADE;ALPES-MARITIMES;43.6305294544; 6.88166520884;19091
6127;6450;SAINT-MARTIN-VESUBIE;ALPES-MARITIMES;44.1020722047; 7.30244071608;4769
13206;13006;MARSEILLE--6E--ARRONDISSEMENT;BOUCHES-DU-RHONE;43.2870989546; 5.38104785394;36594
84140;84160;VAUGINES;VAUCLUSE;43.7786185321; 5.40667854286;3949
83094;83120;LE PLAN-DE-LA-TOUR;VAR;43.3384388996; 6.54745751076;12212
4013;4200;AUBIGNOSC;ALPES-DE-HAUTE-PROVENCE;44.1182449561; 5.95734484907;16808
6064;6510;GATTIERES;ALPES-MARITIMES;43.7652195423; 7.16877468184;3170
13078;13230;PORT-SAINT-LOUIS-DU-RHONE;BOUCHES-DU-RHONE;43.4148193741; 4.80679663589;12756
6013;6450;BELVEDERE;ALPES-MARITIMES;44.0564872239; 7.37383120022;13320
4167;4000;LA ROBINE-SUR-GALABRE;ALPES-DE-HAUTE-PROVENCE;44.1927329945; 6.23038435702;996
83032;83570;CARCES;VAR;43.4690059217; 6.17637273437;30874
84017;84410;BEDOIN;VAUCLUSE;44.1374624096; 5.23446005284;1577
83052;83560;ESPARRON;VAR;43.5874697743; 5.84872066218;10365
13057;13103;MAS-BLANC-DES-ALPILLES;BOUCHES-DU-RHONE;43.7878902175; 4.76385153358;6607
84118;84490;SAINT-SATURNIN-LES-APT;VAUCLUSE;43.9587368913; 5.37325716104;4148
6005;6260;ASCROS;ALPES-MARITIMES;43.9193423; 7.01550684755;4770
6009;6420;BAIROLS;ALPES-MARITIMES;43.9870510207; 7.11969473058;30657
84005;84390;AUREL;VAUCLUSE;44.1381264678; 5.39633326209;33653
6091;6440;PEILLE;ALPES-MARITIMES;43.8064648293; 7.41111016741;11125
83144;83160;LA VALETTE-DU-VAR;VAR;43.1499152044; 5.99222538877;25164
4207;4200;SIGOYER;ALPES-DE-HAUTE-PROVENCE;44.3223711513; 5.96102816265;7981
5076;5700;MEREUIL;HAUTES-ALPES;44.3839741469; 5.71259098721;11987
4106;4700;LURS;ALPES-DE-HAUTE-PROVENCE;43.9698343331; 5.8804940629;6774
4100;4530;LARCHE;ALPES-DE-HAUTE-PROVENCE;44.4272204868; 6.87261557084;1551
83093;83640;PLAN-D'AUPS-SAINTE-BAUME;VAR;43.3337130548; 5.73856018349;12467
