CodeInsee,CodePostal,Commune ,Latitude ,Longitude,Id
13020,13950,CADOLIVE,5.532233546,43.39419662,1
6149,6340,LA TRINITE,7.339460739,43.7433481,2
5117,5150,RIBEYRET,5.558028621,44.41073046,3
4069,4120,DEMANDOLX,6.574405925,43.8698631,4
4214,4330,TARTONNE,6.383931007,44.07846638,5
4039,4120,CASTELLANE,6.49029842,43.84498622,6
5099,5400,OZE,5.798754861,44.50582948,7
84141,84270,VEDENE,4.903278348,43.97086129,8
83154,83510,SAINT-ANTONIN-DU-VAR,6.290021877,43.5112335,9
6061,6510,LES FERRES,7.093427552,43.8424232733,10
5021,5700,LE BERSAC,5.753409641,44.40569648,11
6031,6340,CANTARON,7.313168927,43.7712031,12
4240,4370,VILLARS-COLMARS,6.568766743,44.19829162,13
83077,83136,MEOUNES-LES-MONTRIEUX,5.96671081,43.27394252,14
6146,6420,TOURNEFORT,7.158503151,43.94139888,15
4210,4120,SOLEILHAS,6.648607532,43.85997606,16
13016,13720,LA BOUILLADISSE,5.619807491,43.39719227,17
5151,5120,SAINT-MARTIN-DE-QUEYRIERES,6.582550107,44.83752573,18
5156,5200,SAINT-SAUVEUR,6.529203017,44.53658205,19
84084,84240,LA MOTTE-D'AIGUES,5.52149188,43.78408403,20
84069,84340,MALAUCENE,5.149850809,44.18844822,21
83056,83830,FIGANIERES,6.498704789,43.56721525,22
13081,13340,ROGNAC,5.2310622,43.49713473,23
83019,83230,BORMES-LES-MIMOSAS,6.349569873,43.16227221,24
4108,4350,MALIJAI,6.050424374,44.03366605,25
13207,13007,MARSEILLE--7E--ARRONDISSEMENT,5.363234404,43.28251778,26
5023,5100,BRIANCON,6.64947524,44.8994986,27
4007,4170,ANGLES,6.552320635,43.94432931,28
6154,6750,VALDEROURE,6.710035686,43.79420445,29
13213,13013,MARSEILLE-13E--ARRONDISSEMENT,5.433722387,43.349278,30
4122,4510,MIRABEAU,6.080159316,44.0562296,31
6134,6750,SERANON,6.69043297,43.76566628,32
5073,5300,LAZER,5.849950604,44.35173007,33
4034,4700,LA BRILLANNE,5.884218388,43.93190054,34
5047,5300,EOURRES,5.72894554,44.21383734,35
6081,6910,LE MAS,6.858940747,43.83691295,36
83058,83780,FLAYOSC,6.36275721,43.5422121,37
4063,4220,CORBIERES,5.745904525,43.76069098,38
6077,6440,LUCERAM,7.352655753,43.90057269,39
5029,5260,CHABOTTES,6.167919786,44.64757832,40
84088,84210,PERNES-LES-FONTAINES,5.039591002,43.99605505,41
13067,13660,ORGON,5.02340521,43.77961301,42
84014,84120,BEAUMONT-DE-PERTUIS,5.695991272,43.7379109,43
5007,5350,ARVIEUX,6.722308594,44.76389803,44
83001,83600,LES ADRETS-DE-L'ESTEREL,6.811087967,43.53562293,45
6026,6530,CABRIS,6.878255098,43.65995606,46
6044,6480,LA COLLE-SUR-LOUP,7.097736438,43.68717014,47
13045,13690,GRAVESON,4.767173692,43.85391117,48
4141,4230,ONGLES,5.724808814,44.03142598,49
13031,13112,LA DESTROUSSE,5.598859324,43.37642328,50
13007,13390,AURIOL,5.658390187,43.36079469,51
4097,4420,LA JAVIE,6.321576075,44.19719902,52
4203,4140,SELONNET,6.2937933,44.37172108,53
84018,84570,BLAUVAC,5.243293797,44.03698937,54
84085,84220,MURS,5.243694621,43.96476458,55
5110,5290,PUY-SAINT-VINCENT,6.464747374,44.81442506,56
84074,84360,MERINDOL,5.201534829,43.76192438,57
4135,4360,MOUSTIERS-SAINTE-MARIE,6.228189096,43.83832786,58
5049,5110,ESPARRON,5.893028482,44.46273959,59
6029,06400/06150,CANNES,7.004275927,43.55262028,60
5124,5000,LA ROCHETTE,6.148830981,44.59321141,61
4058,5110,CLARET,5.964676732,44.37381183,62
5170,5130,TALLARD,6.044856029,44.45912207,63
6088,06000/06100/06200/06300,NICE,7.238268895,43.71199927,64
84058,84480,LACOSTE,5.265922719,43.8257421,65
6008,6260,AUVARE,6.914678968,44.00742058,66
13105,13560,SENAS,5.086878844,43.7446066,67
83120,83640,SAINT-ZACHARIE,5.71820851,43.37753006,68
84051,84220,GOULT,5.247827594,43.86725206,69
6108,6550,LA ROQUETTE-SUR-SIAGNE,6.950497948,43.58490925,70
4019,4400,BARCELONNETTE,6.652150897,44.37856142,71
5080,5140,MONTBRAND,5.667659516,44.59158291,72
83033,83660,CARNOULES,6.196679749,43.29459851,73
5160,5300,SALERANS,5.700960583,44.24212982,74
5136,5600,SAINT-CREPIN,6.635550273,44.72432605,75
4224,4240,UBRAYE,6.687184632,43.90704467,76
4209,4200,SISTERON,5.93083716,44.20019251,77
13117,13127,VITROLLES,5.263577877,43.44978317,78
6045,6910,COLLONGUES,6.863831424,43.89359812,79
5176,5130,VALSERRES,6.137893936,44.4892843,80
13026,13220,CHATEAUNEUF-LES-MARTIGUES,5.147538226,43.38659064,81
84066,84220,LIOUX,5.309398853,43.97933351,82
83044,83840,COMPS-SUR-ARTUBY,6.502931857,43.70355201,83
13100,13210,SAINT-REMY-DE-PROVENCE,4.853666653,43.7834249,84
83060,83670,FOX-AMPHOUX,6.109093276,43.59554175,85
83006,83560,ARTIGUES,5.802399934,43.57650188,86
5093,5100,NEVACHE,6.598629355,45.04412864,87
83131,83210,SOLLIES-TOUCAS,5.986939086,43.21282693,88
5102,5700,LA PIARRE,5.648032054,44.47840872,89
5177,5560,VARS,6.713514569,44.59252209,90
6159,6230,VILLEFRANCHE-SUR-MER,7.322254105,43.71221531,91
5163,5160,LE SAUZE-DU-LAC,6.323176393,44.48557424,92
13074,13860,PEYROLLES-EN-PROVENCE,5.576957348,43.62846769,93
6125,6470,SAINT-MARTIN-D'ENTRAUNES,6.74588335,44.14944141,94
13083,13870,ROGNONAS,4.798579775,43.90008332,95
4065,4230,CRUIS,5.838469491,44.0831627,96
83100,83390,PUGET-VILLE,6.148930541,43.27634759,97
5040,5230,CHORGES,6.287823926,44.54551243,98
5179,5400,VEYNES,5.822860025,44.55715297,99
13022,13260,CASSIS,5.55117811,43.22304701,100
4157,4410,PUIMOISSON,6.122002138,43.87081528,101
4144,4120,LA PALUD-SUR-VERDON,6.327088746,43.7966483,102
5055,5140,LA FAURIE,5.740405948,44.56745873,103
6107,6910,ROQUESTERON-GRASSE,6.990119804,43.84915342,104
84089,84120,PERTUIS,5.520524803,43.68723575,105
83101,83350,RAMATUELLE,6.637547342,43.21861262,106
83037,83170,LA CELLE,5.998614116,43.38437035,107
84079,84390,MONIEUX,5.341492231,44.05686682,108
5001,5460,ABRIES,6.941644428,44.81634625,109
4088,4300,FORCALQUIER,5.788282757,43.95990824,110
4045,4280,CERESTE,5.589769262,43.85031617,111
4202,4320,SAUSSES,6.779369393,44.01227113,112
5010,5140,ASPRES-SUR-BUECH,5.772032987,44.56175121,113
5086,5150,MONTJAY,5.614552705,44.36643809,114
6119,6660,SAINT-DALMAS-LE-SELVAGE,6.840845396,44.28946568,115
6037,6460,CAUSSOLS,6.902472332,43.73734474,116
6054,6340,DRAP,7.337240902,43.75824325,117
4057,4250,CLAMENSANE,6.0785018,44.32826636,118
4233,4200,VAUMEILH,5.956531218,44.2903077,119
84036,84470,CHATEAUNEUF-DE-GADAGNE,4.942591145,43.92763317,120
84086,84580,OPPEDE,5.169821504,43.83131753,121
4180,4330,SAINT-JACQUES,6.371285171,43.97691793,122
84099,84440,ROBION,5.110086843,43.85196787,123
13098,13920,SAINT-MITRE-LES-REMPARTS,5.014947255,43.45540299,124
5144,5800,SAINT-JACQUES-EN-VALGODEMARD,6.069646007,44.77406378,125
13033,13820,ENSUES-LA-REDONNE,5.199603076,43.35365396,126
4222,4250,TURRIERS,6.159182215,44.39158821,127
6158,6710,VILLARS-SUR-VAR,7.080245211,43.95186633,128
4176,4500,SAINTE-CROIX-DU-VERDON,6.151588824,43.76428215,129
13112,13880,VELAUX,5.249964249,43.52398546,130
5116,5600,REOTIER,6.56457885,44.68135668,131
83130,83210,SOLLIES-PONT,6.063276972,43.19076112,132
4092,4120,LA GARDE,6.571545242,43.8298617,133
6063,6850,GARS,6.816762945,43.86052267,134
5145,5260,SAINT-JEAN-SAINT-NICOLAS,6.230858475,44.67449542,135
6030,6110,LE CANNET,7.006420578,43.57297686,136
13118,13111,COUDOUX,5.254221607,43.56005154,137
6117,6670,SAINT-BLAISE,7.230223363,43.81293379,138
4142,4110,OPPEDETTE,5.592743304,43.93066048,139
5164,5160,SAVINES-LE-LAC,6.393680593,44.5273257,140
4040,4380,LE CASTELLARD-MELAN,6.131595213,44.2016432,141
6093,6260,LA PENNE,6.94222405,43.92468617,142
13056,13500,MARTIGUES,5.049454023,43.37989205,143
4017,4140,AUZET,6.311155924,44.30540016,144
83096,83470,POURCIEUX,5.788608904,43.46464406,145
13060,13590,MEYREUIL,5.500628119,43.49105225,146
83069,83400,HYERES,6.188985085,43.10187135,147
84080,84170,MONTEUX,4.984747665,44.0335256,148
83047,83260,LA CRAU,6.092683516,43.16352074,149
6084,6370,MOUANS-SARTOUX,6.964944267,43.6185304,150
83025,83119,BRUE-AURIAC,5.936645413,43.52795117,151
13042,13420,GEMENOS,5.64391464,43.29810442,152
83028,83830,CALLAS,6.57328932,43.56552884,153
4004,4500,ALLEMAGNE-EN-PROVENCE,6.03091832,43.78879025,154
13106,13240,SEPTEMES-LES-VALLONS,5.380804056,43.39349446,155
84038,84460,CHEVAL-BLANC,5.124107321,43.78867823,156
83018,83890,BESSE-SUR-ISSOLE,6.177749497,43.33994792,157
5078,5110,MONETIER-ALLEMONT,5.933971903,44.39309625,158
6057,6440,L'ESCARENE,7.365658041,43.83397177,159
6090,6580,PEGOMAS,6.922248379,43.58655532,160
5146,5140,SAINT-JULIEN-EN-BEAUCHENE,5.719799759,44.62645706,161
84065,84360,LAURIS,5.303336932,43.76303655,162
13069,13330,PELISSANNE,5.159573273,43.63083856,163
5024,5150,BRUIS,5.503888637,44.46773667,164
13091,13760,SAINT-CANNAT,5.306982573,43.61362867,165
84112,84750,SAINT-MARTIN-DE-CASTILLON,5.519193124,43.85510722,166
4190,4300,SAINT-MARTIN-LES-EAUX,5.74137178,43.87197029,167
84001,84210,ALTHEN-DES-PALUDS,4.957938042,44.00480871,168
5095,5500,LE NOYER,6.001026942,44.69999939,169
6019,6440,BLAUSASC,7.360334776,43.79346809,170
83085,83920,LA MOTTE,6.550553999,43.50785112,171
84146,84110,VILLEDIEU,5.047844415,44.28853456,172
5100,5000,PELLEAUTIER,5.998777399,44.5102663,173
4154,5160,PONTIS,6.365237766,44.4956919,174
13061,13150,SAINT-PIERRE-DE-MEZOARGUES,4.657395241,43.86123508,175
84009,84240,LA BASTIDE-DES-JOURDANS,5.646777821,43.79453976,176
84090,84240,PEYPIN-D'AIGUES,5.560033269,43.79644083,177
13051,13680,LANCON-PROVENCE,5.159536015,43.57604062,178
13002,13190,ALLAUCH,5.511347672,43.35331457,179
4099,4170,LAMBRUISSE,6.445388467,44.04483449,180
84033,84400,CASTELLET,5.481166572,43.83445227,181
6047,6510,CONSEGUDES,7.045036709,43.84069572,182
4068,4300,DAUPHIN,5.776452248,43.89324344,183
5054,5500,LA FARE-EN-CHAMPSAUR,6.058260389,44.66537663,184
4130,4230,MONTLAUX,5.85016627,44.04079238,185
5114,5160,REALLON,6.360460394,44.6107754,186
4237,4140,LE VERNET,6.402975255,44.27660683,187
5107,5100,PUY-SAINT-ANDRE,6.56677781,44.89090366,188
84002,84240,ANSOUIS,5.471366895,43.73651729,189
5084,5230,MONTGARDIN,6.233056657,44.54358478,190
4055,4330,CHAUDON-NORANTE,6.317368071,43.99191495,191
5120,5460,RISTOLAS,6.99202108,44.73584931,192
4136,4170,LA MURE-ARGENS,6.531967018,44.01661078,193
4182,4270,SAINT-JULIEN-D'ASSE,6.07806455,43.92661539,194
5088,5150,MONTMORIN,5.55351372,44.45010678,195
83111,83136,SAINTE-ANASTASIE-SUR-ISSOLE,6.124961185,43.33341038,196
5019,5140,LA BEAUME,5.653752143,44.54829147,197
13103,13300,SALON-DE-PROVENCE,5.068146496,43.64628852,198
5108,5200,PUY-SAINT-EUSEBE,6.411298295,44.56858895,199
83140,83170,TOURVES,5.927157071,43.40880156,200
5059,5000,LA FREISSINOUSE,6.008128046,44.53553417,201
4016,4200,AUTHON,6.15102271,44.24925455,202
5067,5500,LES INFOURNAS,6.113088614,44.71494528,203
6114,6730,SAINT-ANDRE-DE-LA-ROCHE,7.288713726,43.74587624,204
13052,13910,MAILLANE,4.784565707,43.82306098,205
13210,13010,MARSEILLE-10E--ARRONDISSEMENT,5.426811011,43.27551554,206
5127,5190,ROUSSET,6.266691309,44.48437855,207
84126,84110,SEGURET,5.028817201,44.21596402,208
84101,84210,LA ROQUE-SUR-PERNES,5.101755188,43.97419471,209
6162,6430,LA BRIGUE,7.651478289,44.07145556,210
84050,84220,GORDES,5.198019786,43.90901924,211
5131,5400,SAINT-AUBAN-D'OZE,5.84847801,44.48831569,212
83128,83690,SILLANS-LA-CASCADE,6.165152406,43.56588241,213
4042,4320,CASTELLET-LES-SAUSSES,6.734509005,44.04030386,214
4208,4150,SIMIANE-LA-ROTONDE,5.562489946,43.98381282,215
84071,84660,MAUBEC,5.137679034,43.84178006,216
4023,4250,BAYONS,6.172825378,44.32492773,217
13087,13790,ROUSSET,5.623807994,43.48414962,218
13073,13124,PEYPIN,5.571319183,43.38478775,219
83026,83340,CABASSE,6.232023495,43.42709727,220
5167,5700,SIGOTTIER,5.685311139,44.4580496,221
84060,84400,LAGARDE-D'APT,5.481644171,43.98387298,222
5165,5700,SAVOURNON,5.799277415,44.4240776,223
13066,13550,NOVES,4.899521945,43.85845235,224
6106,6910,ROQUESTERON,7.024136117,43.86779062,225
13004,13200,ARLES,4.662156426,43.54686924,226
4217,4380,THOARD,6.124012983,44.1473006,227
4140,4200,LES OMERGUES,5.589370589,44.15274548,228
6035,6500,CASTELLAR,7.498915711,43.82205666,229
13003,13980,ALLEINS,5.151050292,43.70741977,230
83123,83110,SANARY-SUR-MER,5.795888142,43.13828285,231
6163,6430,TENDE,7.540531794,44.09976693,232
84037,84230,CHATEAUNEUF-DU-PAPE,4.827284356,44.0595884,233
6078,6710,MALAUSSENE,7.141120635,43.91532326,234
83005,83630,ARTIGNOSC-SUR-VERDON,6.107621594,43.69407677,235
4077,4700,ENTREVENNES,6.033809031,43.93789727,236
5168,5130,SIGOYER,5.969517926,44.48023337,237
5143,5300,SAINT-GENIS,5.796311969,44.3808485,238
83104,83560,RIANS,5.741325238,43.60550238,239
83063,83680,LA GARDE-FREINET,6.466937868,43.32341603,240
13089,13670,SAINT-ANDIOL,4.950273589,43.83075754,241
5149,5260,SAINT-LEGER-LES-MELEZES,6.211718671,44.6468761,242
83127,83870,SIGNES,5.857139622,43.27764075,243
13025,13790,CHATEAUNEUF-LE-ROUGE,5.56821682,43.49126597,244
13048,13490,JOUQUES,5.656757963,43.63341378,245
6116,6850,SAINT-AUBAN,6.740065061,43.83097901,246
5158,5400,LE SAIX,5.833816167,44.46384783,247
84115,84330,SAINT-PIERRE-DE-VASSOLS,5.144364017,44.0949073,248
5033,5700,CHANOUSSE,5.660139229,44.36467602,249
83030,83170,CAMPS-LA-SOURCE,6.121284188,43.37251201,250
5066,5140,LA HAUTE-BEAUME,5.628457038,44.56867884,251
5118,5300,RIBIERS,5.843422313,44.22079102,252
84075,84570,METHAMIS,5.252999302,44.01263673,253
5178,5300,VENTAVON,5.888453746,44.38566564,254
84077,84330,MODENE,5.127870692,44.10578119,255
6051,6260,LA CROIX-SUR-ROUDOULE,6.870199116,44.00030967,256
5097,5700,ORPIERRE,5.706186076,44.31469338,257
83046,83570,COTIGNAC,6.14490029,43.52337571,258
5115,5190,REMOLLON,6.159776579,44.47161852,259
83078,83630,MOISSAC-BELLEVUE,6.167025033,43.64719028,260
83137,83000/83100/83200,TOULON,5.932396342,43.13615897,261
4120,4530,MEYRONNES,6.811147027,44.47306423,262
13097,13310,SAINT-MARTIN-DE-CRAU,4.857014756,43.61192146,263
84044,84340,ENTRECHAUX,5.133324904,44.22247308,264
5169,5150,SORBIERS,5.573253246,44.36253871,265
4151,4300,PIERRERUE,5.836018731,43.96233316,266
84082,84570,MORMOIRON,5.190927012,44.07000585,267
83008,83600,BAGNOLS-EN-FORET,6.708501061,43.5330955,268
4198,4340,SAINT-VINCENT-LES-FORTS,6.368879607,44.43741627,269
4164,4230,REVEST-SAINT-MARTIN,5.822986213,44.01984828,270
4183,4170,SAINT-JULIEN-DU-VERDON,6.546059005,43.90976261,271
4090,4240,LE FUGERET,6.665607471,44.01450008,272
84078,84430,MONDRAGON,4.724573771,44.24298439,273
5111,5200,PUY-SANIERES,6.436674189,44.55569499,274
84076,84120,MIRABEAU,5.642689691,43.7048656,275
4245,4130,VOLX,5.831539738,43.87066761,276
83007,83630,AUPS,6.221327856,43.6246327,277
5006,5120,L'ARGENTIERE-LA-BESSEE,6.472144973,44.78217327,278
4200,4290,SALIGNAC,5.98824786,44.15716811,279
83064,83136,GAREOULT,6.04087626,43.34032713,280
13008,13121,AURONS,5.149036007,43.67151256,281
13023,13600,CEYRESTE,5.636364733,43.22385015,282
84114,84220,SAINT-PANTALEON,5.216532897,43.87788041,283
4021,4380,BARRAS,6.098502128,44.10065756,284
84045,84110,FAUCON,5.142184879,44.25242207,285
5141,5500,SAINT-EUSEBE-EN-CHAMPSAUR,6.036466086,44.72242691,286
83098,83220,LE PRADET,6.028440155,43.09940598,287
83102,83630,REGUSSE,6.118145726,43.6676979,288
13036,13630,EYRAGUES,4.842895294,43.84304663,289
13040,13710,FUVEAU,5.553057472,43.45949485,290
84040,84110,CRESTET,5.08597487,44.20975191,291
83043,83610,COLLOBRIERES,6.340321846,43.24141482,292
13215,13015,MARSEILLE-15E--ARRONDISSEMENT,5.363407897,43.35879475,293
5016,5700,LA BATIE-MONTSALEON,5.749033046,44.455945,294
5121,5190,ROCHEBRUNE,6.192493465,44.45225036,295
4081,4800,ESPARRON-DE-VERDON,5.988916392,43.74382503,296
6018,6410,BIOT,7.083186129,43.62765581,297
83081,83440,MONTAUROUX,6.789859953,43.59901011,298
84133,84240,LA TOUR-D'AIGUES,5.567346641,43.72148352,299
83145,83670,VARAGES,5.944410997,43.59573325,300
4145,4200,PEIPIN,5.943714738,44.14130265,301
6087,6910,LES MUJOULS,6.859122794,43.87198477,302
83068,83310,GRIMAUD,6.533032241,43.28202825,303
6085,6250,MOUGINS,7.001294449,43.59614106,304
83079,83310,LA MOLE,6.476566439,43.21592063,305
83118,83700/83530,SAINT-RAPHAEL,6.847342104,43.45746254,306
83070,83980,LE LAVANDOU,6.412312779,43.1656103,307
5028,5400,CHABESTAN,5.783053196,44.47757559,308
6144,6420,LA TOUR,7.199949146,43.96268773,309
4116,4190,LES MEES,5.966017556,43.99447674,310
6129,6420,SAINT-SAUVEUR-SUR-TINEE,7.11814486,44.12106766,311
83075,83340,LES MAYONS,6.359961727,43.30691019,312
13054,13700,MARIGNANE,5.212219045,43.41720684,313
4152,4860,PIERREVERT,5.722738217,43.80650506,314
84097,84600,RICHERENCHES,4.903864898,44.35581331,315
5051,5700,ETOILE-SAINT-CYRICE,5.643777615,44.32097089,316
5002,5250,AGNIERES-EN-DEVOLUY,5.864643337,44.68267178,317
83080,83440,MONS,6.70893258,43.69894665,318
5181,5480,VILLAR-D'ARENE,6.364284546,44.99972177,319
4127,4600,MONTFORT,5.952860936,44.05917099,320
4186,4500,SAINT-LAURENT-DU-VERDON,6.068595388,43.72161722,321
6052,6910,CUEBRIS,7.004487943,43.88921258,322
84049,84190,GIGONDAS,5.012318718,44.16609833,323
13115,13116,VERNEGUES,5.188255265,43.68413944,324
4134,4250,LA MOTTE-DU-CAIRE,6.030526693,44.34087057,325
5096,5170,ORCIERES,6.348975278,44.68409828,326
83009,83150,BANDOL,5.747893584,43.14735445,327
4118,4250,MELVE,5.992911021,44.35636981,328
83112,83270,SAINT-CYR-SUR-MER,5.708326037,43.17203552,329
13005,13400,AUBAGNE,5.563312735,43.29348438,330
6056,6470,ENTRAUNES,6.76292204,44.21469606,331
6014,6390,BENDEJUN,7.284471306,43.83032695,332
84096,84110,RASTEAU,4.980472682,44.23228596,333
83035,83330,LE CASTELLET,5.765601084,43.22766749,334
13050,13410,LAMBESC,5.251914469,43.66152177,335
6096,6260,PIERLAS,7.016975867,44.03467608,336
84150,84820,VISAN,4.944301781,44.32680065,337
84130,84190,SUZETTE,5.061940895,44.17171965,338
83004,83460,LES ARCS,6.489702212,43.45098821,339
13111,13126,VAUVENARGUES,5.613241037,43.5590116,340
83014,83630,BAUDINARD-SUR-VERDON,6.133527576,43.71380384,341
6083,6500,MENTON,7.493656124,43.79082337,342
13011,13520,LES BAUX-DE-PROVENCE,4.802181625,43.74580873,343
4172,4500,ROUMOULES,6.148647033,43.82104161,344
13046,13850,GREASQUE,5.546851092,43.42620297,345
4075,4200,ENTREPIERRES,6.022241242,44.19565372,346
6010,6620,LE BAR-SUR-LOUP,6.962727791,43.69929431,347
4079,4160,L'ESCALE,6.034554945,44.08100586,348
5069,5300,LAGRAND,5.741945256,44.3375165,349
83152,83820,RAYOL-CANADEL-SUR-MER,6.474774783,43.16429734,350
84149,84150,VIOLES,4.951382296,44.17671002,351
83010,83840,BARGEME,6.570867323,43.73013627,352
4053,4200,CHATEAUNEUF-VAL-SAINT-DONAT,5.930546831,44.09545342,353
4031,4270,BRAS-D'ASSE,6.126497725,43.92632572,354
4124,4500,MONTAGNAC-MONTPEZAT,6.094548059,43.76652507,355
83049,83390,CUERS,6.068563505,43.24116455,356
6012,6240,BEAUSOLEIL,7.422221546,43.74772438,357
13029,13250,CORNILLON-CONFOUX,5.076595752,43.57834007,358
83150,83560,VINON-SUR-VERDON,5.807476059,43.7224278,359
83146,83560,LA VERDIERE,5.952322759,43.64610992,360
4219,4170,THORAME-HAUTE,6.601287415,44.0855015,361
83002,83630,AIGUINES,6.304394299,43.72843695,362
5050,5190,ESPINASSES,6.232713481,44.49317861,363
84046,84410,FLASSAN,5.263720295,44.09854221,364
4128,4110,MONTFURON,5.688593185,43.83158008,365
4059,4330,CLUMANC,6.377643211,44.02209426,366
13037,13580,LA FARE-LES-OLIVIERS,5.202476214,43.55444852,367
4204,4330,SENEZ,6.369033713,43.92249782,368
13216,13016,MARSEILLE-16E--ARRONDISSEMENT,5.313378286,43.36490541,369
4061,4370,COLMARS,6.661540614,44.17242728,370
4070,4000,DIGNE-LES-BAINS,6.235903235,44.09087236,371
5159,5300,SALEON,5.775271694,44.32015511,372
6038,6740,CHATEAUNEUF-GRASSE,6.979140593,43.66563458,373
84032,84750,CASENEUVE,5.47985826,43.88886887,374
4244,4290,VOLONNE,6.034678275,44.12394789,375
4110,4510,MALLEMOISSON,6.118071472,44.0420072,376
4101,4230,LARDIERS,5.726916122,44.08507929,377
13082,13840,ROGNES,5.35218247,43.66487818,378
13209,13009,MARSEILLE--9E--ARRONDISSEMENT,5.452496831,43.23408349,379
4028,4270,BEYNES,6.240256631,43.98349652,380
4109,4230,MALLEFOUGASSE-AUGES,5.897796486,44.07599186,381
83073,83340,LE LUC,6.305999501,43.38046489,382
4046,4510,LE CHAFFAUT-SAINT-JURSON,6.140737987,44.02318043,383
83067,83590,GONFARON,6.300368624,43.32064949,384
6050,6140,COURSEGOULES,7.036226435,43.79155803,385
4143,4700,ORAISON,5.924580116,43.91110603,386
5072,5500,LAYE,6.071039433,44.64174173,387
83125,83470,SEILLONS-SOURCE-D'ARGENS,5.8769357,43.51509706,388
13009,13330,LA BARBEN,5.213850527,43.61838551,389
4041,4700,LE CASTELLET,5.979004953,43.91988849,390
6032,6320,CAP-D'AIL,7.401616175,43.72473923,391
13202,13002,MARSEILLE--2E--ARRONDISSEMENT,5.363649833,43.31269642,392
5154,5140,SAINT-PIERRE-D'ARGENCON,5.690465129,44.51994649,393
4062,4530,LA CONDAMINE-CHATELARD,6.696291704,44.46276867,394
13028,13600,LA CIOTAT,5.613189558,43.19264109,395
84151,84240,VITROLLES-EN-LUBERON,5.598999464,43.8137921,396
4201,4150,SAUMANE,5.682146022,44.08128085,397
6001,6910,AIGLUN,6.934942333,43.8524188,398
84102,84220,ROUSSILLON,5.292018857,43.90128169,399
5175,5290,VALLOUISE,6.411970143,44.83082805,400
84134,84850,TRAVAILLAN,4.908561494,44.18945001,401
4027,4200,BEVONS,5.878959287,44.17799648,402
5032,5260,CHAMPOLEON,6.273122099,44.7457461,403
13108,13150,TARASCON,4.686148492,43.79398853,404
84048,84400,GIGNAC,5.523087164,43.92851099,405
83048,83420,LA CROIX-VALMER,6.58628136,43.19518907,406
5039,5800,CHAUFFAYER,6.01187494,44.75815014,407
4126,4140,MONTCLAR,6.341128052,44.40161384,408
4094,4800,GREOUX-LES-BAINS,5.864950462,43.76761028,409
5044,5200,CREVOUX,6.624703727,44.53760654,410
83042,83310,COGOLIN,6.521922341,43.24645505,411
4229,4200,VALBELLE,5.876276698,44.13712077,412
4072,4420,DRAIX,6.371799776,44.12993915,413
84034,84510,CAUMONT-SUR-DURANCE,4.956330773,43.89135805,414
4169,4150,LA ROCHEGIRON,5.663813974,44.10941839,415
6135,6910,SIGALE,6.965586181,43.87579991,416
6113,6500,SAINTE-AGNES,7.46128497,43.80553446,417
84061,84290,LAGARDE-PAREOL,4.851094278,44.22721545,418
13201,13001,MARSEILLE--1ER-ARRONDISSEMENT,5.382278698,43.29990094,419
5152,5800,SAINT-MAURICE-EN-VALGODEMARD,6.112788002,44.79818638,420
84125,84390,SAVOILLAN,5.372838028,44.17444464,421
83012,83670,BARJOLS,5.987770496,43.55238794,422
4067,4200,CUREL,5.672674647,44.17660551,423
5048,5700,L'EPINE,5.61094352,44.42487965,424
84091,84420,PIOLENC,4.765852891,44.17746971,425
4107,4270,MAJASTRES,6.283691346,43.89807803,426
5034,5300,CHATEAUNEUF-DE-CHABRE,5.79561242,44.28688561,427
84094,84110,PUYMERAS,5.135909338,44.28495171,428
4137,4250,NIBLES,6.008726217,44.28925418,429
4158,4500,QUINSON,6.022694923,43.70806249,430
5017,5230,LA BATIE-NEUVE,6.212679835,44.57975663,431
13072,13790,PEYNIER,5.62516789,43.43968641,432
83148,83550,VIDAUBAN,6.449084855,43.40150463,433
84116,84110,SAINT-ROMAIN-EN-VIENNOIS,5.101650309,44.26182772,434
84039,84350,COURTHEZON,4.881633421,44.0865791,435
4220,4400,LES THUILES,6.561355974,44.39035846,436
83041,83830,CLAVIERS,6.585699086,43.59883618,437
5058,5310,FREISSINIERES,6.459377041,44.73649218,438
84022,84110,BUISSON,5.001808622,44.27618461,439
13043,13180,GIGNAC-LA-NERTHE,5.228347529,43.39050741,440
84110,84390,SAINT-LEGER-DU-VENTOUX,5.27072625,44.20594768,441
83054,83210,LA FARLEDE,6.042753255,43.1615363,442
5172,5700,TRESCLEOUX,5.718257302,44.35495087,443
4206,4300,SIGONCE,5.856583156,44.00452276,444
6002,6910,AMIRAT,6.812559505,43.89629735,445
6128,6570,SAINT-PAUL-DE-VENCE,7.121169519,43.69501903,446
4132,4150,MONTSALIER,5.595741738,44.02995258,447
4195,4400,SAINT-PONS,6.615074249,44.41727132,448
4001,4510,AIGLUN,6.138428453,44.06387446,449
84035,84300,CAVAILLON,5.036063009,43.85083618,450
4093,4250,GIGORS,6.140973063,44.42399944,451
84064,84840,LAPALUD,4.67951576,44.30654289,452
4231,4200,VALERNES,5.969547642,44.25155897,453
4043,4320,VAL-DE-CHALVAGNE,6.765785202,43.90463743,454
83039,83670,CHATEAUVERT,6.011205163,43.50126295,455
6080,6420,MARIE,7.157446532,44.03460771,456
5142,5800,SAINT-FIRMIN,6.025710581,44.79348581,457
4121,4270,MEZEL,6.178798923,43.99808634,458
13063,13140,MIRAMAS,5.013843486,43.58421341,459
5074,5130,LETTRET,6.072584528,44.481164,460
83109,83840,LA ROQUE-ESCLAPON,6.648180874,43.72138729,461
83095,83670,PONTEVES,6.062920473,43.55077455,462
6118,6530,SAINT-CEZAIRE-SUR-SIAGNE,6.803293762,43.65942591,463
84092,84130,LE PONTET,4.865495908,43.96839035,464
6011,6310,BEAULIEU-SUR-MER,7.332569349,43.70790394,465
5113,5000,RAMBAUD,6.131666135,44.54682279,466
13049,13113,LAMANON,5.08862704,43.70475781,467
5112,5400,RABOU,6.010779289,44.60614613,468
5063,5320,LA GRAVE,6.284069776,45.06011024,469
13102,13730,SAINT-VICTORET,5.253987008,43.41423788,470
6027,6800,CAGNES-SUR-MER,7.152757034,43.67151621,471
5003,5470,AIGUILLES,6.875180982,44.77934429,472
6048,6390,CONTES,7.324245116,43.80929593,473
84011,84210,LE BEAUCET,5.131297762,43.97402679,474
6142,6440,TOUET-DE-L'ESCARENE,7.377992104,43.85203432,475
4074,4000,ENTRAGES,6.26880026,44.03793327,476
5011,5230,AVANCON,6.191163901,44.53394753,477
4160,4110,REILLANNE,5.659354153,43.88613622,478
84124,84800,SAUMANE-DE-VAUCLUSE,5.112084998,43.93803575,479
83051,83570,ENTRECASTEAUX,6.234751089,43.51196224,480
13205,13005,MARSEILLE--5E--ARRONDISSEMENT,5.397577096,43.2928062,481
6053,6470,DALUIS,6.799970958,44.03872445,482
6160,6470,VILLENEUVE-D'ENTRAUNES,6.781905152,44.12214163,483
4051,4200,CHATEAUNEUF-MIRAVAIL,5.717572625,44.15331521,484
13021,13620,CARRY-LE-ROUET,5.153737658,43.3427663,485
4087,4230,FONTIENNE,5.793825011,44.00686342,486
4218,4170,THORAME-BASSE,6.489313254,44.10719292,487
13119,13470,CARNOUX-EN-PROVENCE,5.565814312,43.25848516,488
83072,83510,LORGUES,6.358927449,43.48146303,489
13038,13990,FONTVIEILLE,4.723101689,43.72326107,490
4230,4210,VALENSOLE,5.941918472,43.83808449,491
83083,83570,MONTFORT-SUR-ARGENS,6.125607672,43.48125366,492
4242,4180,VILLENEUVE,5.857321287,43.89570569,493
4111,4300,MANE,5.742342135,43.93889738,494
6097,6910,PIERREFEU,7.071008137,43.88519128,495
4189,4800,SAINT-MARTIN-DE-BROMES,5.962501751,43.77747687,496
84059,84190,LAFARE,5.049728143,44.15461996,497
6006,6790,ASPREMONT,7.244757712,43.77507317,498
83129,83140,SIX-FOURS-LES-PLAGES,5.829244649,43.0868186,499
84073,84560,MENERBES,5.220871709,43.82437103,500
13058,13520,MAUSSANE-LES-ALPILLES,4.833334596,43.71450042,501
5013,5110,BARCILLONNETTE,5.90582685,44.43006466,502
84015,84340,BEAUMONT-DU-VENTOUX,5.213856705,44.18263937,503
5129,5150,SAINT-ANDRE-DE-ROSANS,5.520973718,44.36473938,504
5092,5000,NEFFES,6.025507376,44.49584176,505
83062,83130,LA GARDE,6.018981647,43.12632794,506
5065,5600,GUILLESTRE,6.701015871,44.66809874,507
4024,4420,BEAUJEU,6.371198069,44.21859504,508
83119,83990,SAINT-TROPEZ,6.663430399,43.26231438,509
83143,83143,LE VAL,6.051799038,43.44523848,510
84095,84160,PUYVERT,5.338082232,43.75019028,511
83116,83470,SAINT-MAXIMIN-LA-SAINTE-BAUME,5.859628735,43.45096764,512
13062,13105,MIMET,5.49899491,43.41284311,513
4115,4240,MEAILLES,6.645329053,44.04014597,514
6072,6420,ILONSE,7.089764758,44.03479828,515
5135,5700,SAINTE-COLOMBE,5.668349746,44.28892722,516
5062,5800,LE GLAIZIL,5.974872478,44.74819228,517
4123,4200,MISON,5.865626788,44.26243298,518
83132,83210,SOLLIES-VILLE,6.017267225,43.17841663,519
4073,4400,ENCHASTRAYES,6.710289807,44.36400854,520
5132,5500,SAINT-BONNET-EN-CHAMPSAUR,6.102860502,44.68232699,521
83105,13780,RIBOUX,5.757224088,43.30818777,522
6039,6390,CHATEAUNEUF-VILLEVIEILLE,7.294124232,43.79990983,523
6101,6260,RIGAUD,6.975050834,43.99293329,524
6022,6510,BOUYON,7.125538728,43.82543998,525
5035,5400,CHATEAUNEUF-D'OZE,5.897756029,44.50532552,526
5004,5260,ANCELLE,6.2296217,44.61907039,527
83053,83330,EVENOS,5.873040135,43.18624218,528
13077,13110,PORT-DE-BOUC,4.992663223,43.42335188,529
6102,6420,RIMPLAS,7.145053385,44.10276444,530
83066,83560,GINASSERVIS,5.837520006,43.65929181,531
6133,6470,SAUZE,6.800723246,44.08521999,532
84053,84600,GRILLON,4.934142562,44.39457669,533
83040,83840,CHATEAUVIEUX,6.595690747,43.78861708,534
84103,84400,RUSTREL,5.475808056,43.9299577,535
6120,6660,SAINT-ETIENNE-DE-TINEE,6.924524451,44.24914928,536
13092,13250,SAINT-CHAMAS,5.073299889,43.54369052,537
4236,4170,VERGONS,6.604631362,43.9152134,538
5077,5350,MOLINES-EN-QUEYRAS,6.891908061,44.71665535,539
83136,83340,LE THORONET,6.282656235,43.45893303,540
5057,5130,FOUILLOUSE,6.000631531,44.45318514,541
84003,84400,APT,5.389217578,43.87939327,542
5043,5500,LES COSTES,6.047285651,44.74857434,543
84136,84190,VACQUEYRAS,4.979078637,44.1452203,544
13088,13740,LE ROVE,5.252922404,43.36533746,545
4235,4140,VERDACHES,6.343346576,44.26779907,546
84109,84330,SAINT-HIPPOLYTE-LE-GRAVEYRON,5.076109298,44.120374,547
6115,6260,SAINT-ANTONIN,6.976612689,43.9078444,548
13044,13450,GRANS,5.044745589,43.61422259,549
4112,4100,MANOSQUE,5.791066542,43.83540408,550
6015,6390,BERRE-LES-ALPES,7.330763011,43.83787388,551
83027,83740,LA CADIERE-D'AZUR,5.724710016,43.20322631,552
5082,5600,MONT-DAUPHIN,6.62465091,44.66905624,553
84024,84240,CABRIERES-D'AIGUES,5.491773115,43.79130154,554
4049,4160,CHATEAU-ARNOUX-SAINT-AUBAN,5.99239535,44.08547061,555
84135,84100,UCHAUX,4.801809249,44.21608885,556
5075,5400,MANTEYER,5.949896675,44.53333211,557
83149,83690,VILLECROZE,6.28543419,43.56444535,558
84016,84370,BEDARRIDES,4.908041091,44.04774575,559
83091,83390,PIERREFEU-DU-VAR,6.179558235,43.23454725,560
13079,13114,PUYLOUBIER,5.677587378,43.51863782,561
83074,83840,LA MARTRE,6.592695947,43.76358635,562
84072,84380,MAZAN,5.130486009,44.05453201,563
6138,6590,THEOULE-SUR-MER,6.929652484,43.49853454,564
83115,83120,SAINTE-MAXIME,6.611727902,43.3564731,565
5020,5500,BENEVENT-ET-CHARBILLAC,6.083852141,44.70411858,566
4084,4270,ESTOUBLON,6.194078211,43.94316861,567
6130,6460,SAINT-VALLIER-DE-THIEY,6.850627487,43.69689503,568
83126,83500,LA SEYNE-SUR-MER,5.870898418,43.0880295,569
5128,5200,SAINT-ANDRE-D'EMBRUN,6.570721427,44.58665693,570
83113,83560,SAINT-JULIEN,5.914993166,43.69996137,571
13096,13460,SAINTES-MARIES-DE-LA-MER,4.463963572,43.50398297,572
4138,4300,NIOZELLES,5.847350079,43.93185681,573
4205,4140,SEYNE,6.384827968,44.33901082,574
84121,84240,SANNES,5.488589927,43.7566978,575
84008,84330,LE BARROUX,5.099189489,44.15477241,576
4228,4250,VALAVOIRE,6.076157315,44.27950995,577
5070,5300,LARAGNE-MONTEGLIN,5.816509571,44.33403454,578
83124,83440,SEILLANS,6.613014085,43.64664575,579
5174,5100,VAL-DES-PRES,6.66654835,44.95055222,580
84122,84260,SARRIANS,4.957269487,44.09931491,581
83099,83480,PUGET-SUR-ARGENS,6.686281959,43.47176713,582
84098,84110,ROAIX,5.015151473,44.25513045,583
5025,5500,BUISSARD,6.147550688,44.65752693,584
6155,6220,VALLAURIS,7.058366129,43.5766473,585
84100,84190,LA ROQUE-ALRIC,5.06883399,44.14484414,586
6140,6530,LE TIGNET,6.852617918,43.62358146,587
4166,4500,RIEZ,6.0823782,43.82845875,588
84055,84450,JONQUERETTES,4.944139676,43.94918397,589
5183,5100,VILLAR-SAINT-PANCRACE,6.650482941,44.83956858,590
5060,5400,FURMEYER,5.875853588,44.53689842,591
5061,5000,GAP,6.064860521,44.57986006,592
5045,5200,CROTS,6.461971526,44.49629383,593
6067,6500,GORBIO,7.44603825,43.7860282,594
83092,83790,PIGNANS,6.254429348,43.29688379,595
4227,4110,VACHERES,5.63529437,43.94674916,596
5005,5300,ANTONAVES,5.806431527,44.25643061,597
83142,83840,TRIGANCE,6.436485944,43.74140083,598
84020,84480,BONNIEUX,5.31457907,43.82709307,599
4033,4340,LA BREOLE,6.289247504,44.44346621,600
83059,83136,FORCALQUEIRET,6.091414106,43.33663925,601
6105,6330,ROQUEFORT-LES-PINS,7.053012727,43.67417325,602
83108,83136,LA ROQUEBRUSSANNE,5.983937771,43.33719066,603
13013,13720,BELCODENE,5.583761485,43.42203021,604
83089,83470,OLLIERES,5.816462934,43.51019551,605
6150,6320,LA TURBIE,7.397918117,43.7451419,606
13053,13370,MALLEMORT,5.182977265,43.72858327,607
83036,83240,CAVALAIRE-SUR-MER,6.521217214,43.18190558,608
84056,84150,JONQUIERES,4.91341543,44.13180296,609
4181,4270,SAINT-JEANNET,6.118015528,43.97932202,610
83034,83320,CARQUEIRANNE,6.071737934,43.09719401,611
4234,5130,VENTEROL,6.087385014,44.44234601,612
5139,5250,SAINT-ETIENNE-EN-DEVOLUY,5.940473688,44.67754198,613
6157,6140,VENCE,7.101944361,43.73846406,614
13012,13100,BEAURECUEIL,5.545935902,43.52205424,615
4159,4150,REDORTIERS,5.614145915,44.09812111,616
4104,4300,LIMANS,5.723664258,43.98660499,617
5171,5190,THEUS,6.19688253,44.48521061,618
6131,6910,SALLAGRIFFON,6.913737688,43.88076954,619
6156,6450,VENANSON,7.239185084,44.04133646,620
13212,13012,MARSEILLE-12E--ARRONDISSEMENT,5.439915677,43.30776837,621
6082,6710,MASSOINS,7.124302524,43.94770227,622
5104,5500,POLIGNY,6.034318606,44.68488767,623
5153,5260,SAINT-MICHEL-DE-CHAILLOL,6.169820109,44.68889009,624
84081,84310,MORIERES-LES-AVIGNON,4.908758783,43.93377888,625
5148,5500,SAINT-LAURENT-DU-CROS,6.108868297,44.6342791,626
4156,4700,PUIMICHEL,6.025386782,43.97916571,627
4035,4210,BRUNET,6.032575363,43.88587854,628
4012,4110,AUBENAS-LES-ALPES,5.67694694,43.93355842,629
6060,6950,FALICON,7.26554537,43.75253658,630
6003,6750,ANDON,6.823186473,43.77698568,631
84144,84750,VIENS,5.560215831,43.90312264,632
6143,6710,TOUET-SUR-VAR,7.013476401,43.94331235,633
6028,6750,CAILLE,6.756666503,43.76869531,634
83082,83131,MONTFERRAT,6.478467235,43.6363886,635
84041,84410,CRILLON-LE-BRAVE,5.150953314,44.11804006,636
83114,83560,SAINT-MARTIN-DE-PALLIERES,5.887908601,43.57418454,637
13027,13160,CHATEAURENARD,4.839900046,43.88247076,638
6058,6460,ESCRAGNOLLES,6.783372889,43.72940334,639
83017,83210,BELGENTIER,5.996659001,43.23995644,640
4175,4110,SAINTE-CROIX-A-LAUZE,5.615681705,43.9042071,641
83117,83440,SAINT-PAUL-EN-FORET,6.682696081,43.56476821,642
4020,4140,BARLES,6.253257439,44.27302802,643
6017,6510,BEZAUDUN-LES-ALPES,7.09357147,43.80362197,644
6153,6420,VALDEBLORE,7.195718912,44.11275965,645
83121,83690,SALERNES,6.228730672,43.56210993,646
13039,13270,FOS-SUR-MER,4.904521339,43.45568121,647
6109,6670,LA ROQUETTE-SUR-VAR,7.204662433,43.83327356,648
13116,13670,VERQUIERES,4.91889951,43.83865516,649
5014,5300,BARRET-SUR-MEOUGE,5.728644351,44.26471889,650
84068,84160,LOURMARIN,5.366161741,43.77803338,651
6074,6450,LANTOSQUE,7.304857301,43.97064575,652
6007,6810,AURIBEAU-SUR-SIAGNE,6.912113567,43.61240687,653
83087,83860,NANS-LES-PINS,5.784864486,43.37905143,654
5068,5130,JARJAYES,6.10808996,44.50532996,655
13024,13350,CHARLEVAL,5.245766453,43.72111188,656
6021,6830,BONSON,7.182787098,43.86229348,657
6042,6420,CLANS,7.178763669,44.00490973,658
6036,6500,CASTILLON,7.464552475,43.83614511,659
84138,84600,VALREAS,4.993549362,44.37715886,660
6136,6380,SOSPEL,7.44794905,43.88446074,661
84108,84210,SAINT-DIDIER,5.108652475,44.00925498,662
13090,13100,SAINT-ANTONIN-SUR-BAYON,5.59403461,43.51718526,663
6055,6670,DURANUS,7.280226862,43.89403506,664
83141,83720,TRANS-EN-PROVENCE,6.489432529,43.50246842,665
13080,13610,LE PUY-SAINTE-REPARADE,5.439583896,43.65182856,666
5109,5100,PUY-SAINT-PIERRE,6.604707618,44.89731526,667
84023,84480,BUOUX,5.375017683,43.82182106,668
6046,6670,COLOMARS,7.222632498,43.75942342,669
6068,6620,GOURDON,6.963560651,43.72424938,670
84093,84360,PUGET,5.256997344,43.76953366,671
6059,6360,EZE,7.360571884,43.72892602,672
84010,84120,LA BASTIDONNE,5.577693518,43.69283833,673
4009,4420,ARCHAIL,6.330714112,44.11106534,674
6023,6540,BREIL-SUR-ROYA,7.50391615,43.94043047,675
13018,13440,CABANNES,4.957934027,43.85848045,676
5166,5700,SERRES,5.715497511,44.42138581,677
13085,13830,ROQUEFORT-LA-BEDOULE,5.629046343,43.25109072,678
84054,84800,L'ISLE-SUR-LA-SORGUE,5.056642775,43.91339759,679
4139,4200,NOYERS-SUR-JABRON,5.80998244,44.16865235,680
5157,5350,SAINT-VERAN,6.890574377,44.68453081,681
6071,6470,GUILLAUMES,6.874935015,44.08806832,682
84043,84320,ENTRAIGUES-SUR-LA-SORGUE,4.932953872,43.99501734,683
5053,5300,EYGUIANS,5.783364902,44.3570512,684
6139,6710,THIERY,7.042456714,43.974139,685
4155,4420,PRADS-HAUTE-BLEONE,6.463769946,44.21343364,686
6016,6470,BEUIL,6.972124581,44.10812429,687
84111,84110,SAINT-MARCELLIN-LES-VAISON,5.101903599,44.23714842,688
13032,13510,EGUILLES,5.328857519,43.57112088,689
83016,83330,LE BEAUSSET,5.820200861,43.20693156,690
4171,4120,ROUGON,6.393181451,43.79665948,691
83088,83136,NEOULES,6.025927391,43.2945311,692
84030,84330,CAROMB,5.106870405,44.11243288,693
6041,6620,CIPIERES,6.928145263,43.76959269,694
6147,6690,TOURRETTE-LEVENS,7.272556821,43.78607372,695
4113,4420,MARCOUX,6.280078859,44.12821924,696
13001,13080/13090/13100/13290/13540,AIX-EN-PROVENCE,5.398574446,43.53607084,697
13086,13360,ROQUEVAIRE,5.597726432,43.34378647,698
84117,84290,SAINT-ROMAN-DE-MALEGARDE,4.956749839,44.26322398,699
5184,5110,VITROLLES,5.947690083,44.42465265,700
84107,84390,SAINT-CHRISTOL,5.503248811,44.03128022,701
6145,6830,TOURETTE-DU-CHATEAU,7.137345115,43.87827521,702
4022,4330,BARREME,6.378115587,43.94628087,703
6094,6470,PEONE,6.920985839,44.12992504,704
13094,13103,SAINT-ETIENNE-DU-GRES,4.735664007,43.78494291,705
84104,84110,SABLET,5.001182161,44.19476807,706
5180,5120,LES VIGNEAUX,6.536771728,44.82127732,707
6137,6530,SPERACEDES,6.856856704,43.65245068,708
4188,4300,SAINT-MAIME,5.801542403,43.90064207,709
83022,83840,BRENON,6.537776448,43.7658452,710
4173,4170,SAINT-ANDRE-LES-ALPES,6.501497122,43.97133014,711
4194,6260,SAINT-PIERRE,6.921845911,43.90888894,712
84070,84570,MALEMORT-DU-COMTAT,5.167418438,44.01881899,713
84143,84210,VENASQUE,5.165068656,43.98512377,714
84062,84800,LAGNES,5.114586694,43.89248769,715
4096,4850,JAUSIERS,6.786023124,44.38761102,716
5173,5300,UPAIX,5.883114324,44.31960737,717
83084,83670,MONTMEYAN,6.061246191,43.64825694,718
5009,5800,ASPRES-LES-CORPS,6.000768348,44.81288314,719
5081,5700,MONTCLUS,5.669920877,44.41493433,720
5038,5350,CHATEAU-VILLE-VIEILLE,6.80006565,44.76772897,721
4184,4410,SAINT-JURS,6.19288089,43.89904742,722
5133,5330,SAINT-CHAFFREY,6.601390239,44.93464796,723
4216,4200,THEZE,5.925023101,44.32975324,724
5150,5150,SAINTE-MARIE,5.474156754,44.46399987,725
13203,13003,MARSEILLE--3E--ARRONDISSEMENT,5.380109814,43.31212,726
4102,4340,LE LAUZET-UBAYE,6.419425275,44.43291388,727
84031,84200,CARPENTRAS,5.061348448,44.05938026,728
4050,4250,CHATEAUFORT,6.029670115,44.27504612,729
83139,83690,TOURTOUR,6.310682972,43.59358009,730
84147,84530,VILLELAURE,5.430854497,43.70751571,731
5147,5500,SAINT-JULIEN-EN-CHAMPSAUR,6.129921943,44.66852889,732
4174,4240,SAINT-BENOIT,6.723867046,43.96294141,733
4085,4250,FAUCON-DU-CAIRE,6.103673887,44.39594639,734
5140,5130,SAINT-ETIENNE-LE-LAUS,6.163230581,44.50803468,735
13099,13115,SAINT-PAUL-LES-DURANCE,5.753725588,43.6854814,736
84105,84400,SAIGNON,5.438316136,43.86040883,737
5123,5400,LA ROCHE-DES-ARNAUDS,5.96045928,44.58381704,738
4066,5110,CURBANS,6.030050012,44.40834733,739
5087,5400,MONTMAUR,5.885611147,44.58973614,740
13070,13821,LA PENNE-SUR-HUVEAUNE,5.518509144,43.27720797,741
6070,6620,GREOLIERES,6.931964962,43.80700065,742
84063,84840,LAMOTTE-DU-RHONE,4.675105117,44.27616143,743
13214,13014,MARSEILLE-14E--ARRONDISSEMENT,5.394089158,43.34550181,744
5094,5700,NOSSAGE-ET-BENEVENT,5.754522217,44.30972056,745
5042,5250,LA CLUSE,5.841691429,44.64232786,746
6110,6420,ROUBION,7.028029732,44.10850476,747
84052,84240,GRAMBOIS,5.604034436,43.76055984,748
5008,5140,ASPREMONT,5.720226822,44.49293455,749
5052,5600,EYGLIERS,6.666887414,44.6925245,750
4148,4120,PEYROULES,6.643101147,43.81691947,751
5090,5500,LA MOTTE-EN-CHAMPSAUR,6.129301498,44.74073675,752
84013,84220,BEAUMETTES,5.203657936,43.86315903,753
5161,5240,LA SALLE-LES-ALPES,6.565356418,44.95266857,754
13006,13930,AUREILLE,4.944966422,43.70007269,755
13211,13011,MARSEILLE-11E--ARRONDISSEMENT,5.483814662,43.28844719,756
6103,6450,ROQUEBILLIERE,7.292694672,44.02709518,757
4054,4270,CHATEAUREDON,6.224295079,44.02650875,758
5079,5220,LE MONETIER-LES-BAINS,6.469664973,44.99561068,759
6069,06130/06520,GRASSE,6.931905082,43.65563943,760
4170,6260,LA ROCHETTE,6.880700589,43.91227603,761
13068,13520,PARADOU,4.778281436,43.70822428,762
83045,83570,CORRENS,6.068262176,43.48641856,763
84128,84400,SIVERGUES,5.416275099,43.82296673,764
83097,83910,POURRIERES,5.747177117,43.49388636,765
83038,83300,CHATEAUDOUBLE,6.435671325,43.62346571,766
6148,6140,TOURRETTES-SUR-LOUP,7.039893763,43.71745366,767
6040,6470,CHATEAUNEUF-D'ENTRAUNES,6.835065557,44.16397016,768
84026,84160,CADENET,5.383543197,43.73040563,769
5012,5200,BARATIER,6.504942182,44.5049967,770
6066,6830,GILETTE,7.161323411,43.84819625,771
4149,4310,PEYRUIS,5.928333557,44.03515352,772
6126,6670,SAINT-MARTIN-DU-VAR,7.199292204,43.81661724,773
13208,13008,MARSEILLE--8E--ARRONDISSEMENT,5.374644363,43.24172718,774
13019,13480,CABRIES,5.34976664,43.44964219,775
5155,5300,SAINT-PIERRE-AVEZ,5.768382111,44.24854283,776
5085,5100,MONTGENEVRE,6.72778259,44.93899322,777
4241,4110,VILLEMUS,5.709304431,43.8613318,778
13041,13120,GARDANNE,5.479638603,43.45260632,779
84123,84390,SAULT,5.398899566,44.0729876,780
83107,83520,ROQUEBRUNE-SUR-ARGENS,6.652128817,43.4285091,781
6112,6650,LE ROURET,7.009625536,43.67956128,782
6122,6640,SAINT-JEANNET,7.140732118,43.75884539,783
84047,84400,GARGAS,5.343623301,43.89606539,784
83031,83340,LE CANNET-DES-MAURES,6.375501033,43.37376321,785
13034,13810,EYGALIERES,4.952119836,43.76170475,786
84004,84810,AUBIGNAN,5.031656767,44.09773806,787
13107,13109,SIMIANE-COLLONGUE,5.437969244,43.41155186,788
4191,4140,SAINT-MARTIN-LES-SEYNE,6.255553206,44.38272027,789
84057,84220,JOUCAS,5.2526094,43.92636647,790
5162,5110,LA SAULCE,6.010993832,44.43051245,791
4030,4330,BLIEUX,6.362796708,43.87462748,792
13109,13100,LE THOLONET,5.508192539,43.51969141,793
84137,84110,VAISON-LA-ROMAINE,5.060407823,44.24770187,794
6104,6190,ROQUEBRUNE-CAP-MARTIN,7.458736161,43.7638279,795
6043,6390,COARAZE,7.299133492,43.86649018,796
84087,84100,ORANGE,4.80987924,44.12891354,797
13084,13640,LA ROQUE-D'ANTHERON,5.301576336,43.71764095,798
5064,5800,LA CHAPELLE-EN-VALGAUDEMAR,6.242577934,44.81661779,799
83153,83430,SAINT-MANDRIER-SUR-MER,5.926423152,43.07543229,800
6033,6510,CARROS,7.184141599,43.78503906,801
5106,5230,PRUNIERES,6.336404312,44.54334126,802
83106,83136,ROCBARON,6.083616583,43.30666869,803
6086,6380,MOULINET,7.414004054,43.95369914,804
5130,5160,SAINT-APOLLINAIRE,6.353900353,44.55787041,805
6161,6270,VILLENEUVE-LOUBET,7.107284349,43.64925607,806
4162,4150,REVEST-DES-BROUSSES,5.675012212,43.97548507,807
84145,84400,VILLARS,5.433344184,43.95198138,808
6098,6260,PUGET-ROSTANG,6.936855822,43.98720048,809
83134,83460,TARADEAU,6.430663603,43.46125754,810
4211,4290,SOURRIBES,6.044302048,44.15886648,811
83071,83250,LA LONDE-LES-MAURES,6.24285151,43.16892134,812
13104,13960,SAUSSET-LES-PINS,5.11765507,43.34566903,813
6121,6230,SAINT-JEAN-CAP-FERRAT,7.329936324,43.68717889,814
4163,4150,REVEST-DU-BION,5.540509385,44.09409035,815
5119,5600,RISOUL,6.623174027,44.62403808,816
84006,84400,AURIBEAU,5.448093598,43.82997717,817
6092,6440,PEILLON,7.371479707,43.77273529,818
6065,6610,LA GAUDE,7.160399264,43.72142377,819
83021,83149,BRAS,5.958532544,43.47040816,820
4047,4660,CHAMPTERCIER,6.144564514,44.09693513,821
83020,83840,LE BOURGUET,6.503450356,43.78009374,822
83029,83440,CALLIAN,6.75708895,43.61251802,823
13076,13750,PLAN-D'ORGON,5.002281832,43.81812611,824
84083,84550,MORNAS,4.740145493,44.20374764,825
5071,5110,LARDIER-ET-VALENCA,5.973485268,44.43660465,826
6089,6650,OPIO,7.008608642,43.65756107,827
6024,6850,BRIANCONNET,6.745013446,43.86494981,828
4036,4420,LE BRUSQUET,6.303473519,44.16816214,829
84012,84190,BEAUMES-DE-VENISE,5.028755898,44.12338569,830
83023,83170,BRIGNOLES,6.077402443,43.39929419,831
13204,13004,MARSEILLE--4E--ARRONDISSEMENT,5.400874888,43.30673336,832
5182,5800,VILLAR-LOUBIERE,6.135597613,44.83672733,833
4129,4110,MONTJUSTIN,5.650235603,43.84529309,834
83011,83830,BARGEMON,6.542445892,43.63331046,835
4187,4330,SAINT-LIONS,6.406277407,43.9786318,836
84142,84740,VELLERON,5.028370539,43.96157009,837
6079,6210,MANDELIEU-LA-NAPOULE,6.918089365,43.53805105,838
4179,4200,SAINT-GENIEZ,6.062674027,44.23266689,839
84019,84500,BOLLENE,4.752359563,44.28820164,840
5122,5310,LA ROCHE-DE-RAME,6.616443697,44.76566812,841
4005,4170,ALLONS,6.590327442,43.9803885,842
84042,84160,CUCURON,5.443615804,43.77822436,843
13114,13122,VENTABREN,5.30622322,43.54225285,844
6100,6830,REVEST-LES-ROCHES,7.167782771,43.88312974,845
5101,5340,PELVOUX,6.435864309,44.89963921,846
84119,84450,SAINT-SATURNIN-LES-AVIGNON,4.941099672,43.96215294,847
83015,83630,BAUDUEN,6.202044556,43.71574235,848
4095,4150,L'HOSPITALET,5.706859256,44.10891876,849
13064,13940,MOLLEGES,4.948869451,43.80534104,850
83151,83170,VINS-SUR-CARAMY,6.150018365,43.43301288,851
13059,13650,MEYRARGUES,5.522715131,43.62448765,852
6152,6560,VALBONNE,7.029544767,43.62828833,853
4192,4870,SAINT-MICHEL-L'OBSERVATOIRE,5.720043154,43.90987941,854
84007,84000,AVIGNON,4.840715725,43.93524483,855
83003,83111,AMPUS,6.371876502,43.62836368,856
4199,4200,SAINT-VINCENT-SUR-JABRON,5.747947653,44.16976591,857
5027,5100,CERVIERES,6.764865473,44.85328485,858
5091,5150,MOYDANS,5.508973462,44.40997452,859
5036,5380,CHATEAUROUX-LES-ALPES,6.482908233,44.6423671,860
84025,84220,CABRIERES-D'AVIGNON,5.152798016,43.89653227,861
6123,6700,SAINT-LAURENT-DU-VAR,7.182187918,43.68596258,862
6111,6420,ROURE,7.066802965,44.11891387,863
4150,5130,PIEGUT,6.131722579,44.45337861,864
5037,5000,CHATEAUVIEUX,6.051871146,44.48417483,865
83057,83340,FLASSANS-SUR-ISSOLE,6.221624165,43.37609879,866
13113,13770,VENELLES,5.491383816,43.59286739,867
6020,6450,LA BOLLENE-VESUBIE,7.371843754,43.99514532,868
83138,83440,TOURRETTES,6.723783645,43.61405396,869
84028,84290,CAIRANNE,4.933399969,44.23025755,870
13017,13150,BOULBON,4.697547067,43.86776632,871
6075,6670,LEVENS,7.240330273,43.8500976,872
4025,4370,BEAUVEZER,6.597727747,44.14397527,873
6151,6450,UTELLE,7.238644629,43.92731814,874
5026,5600,CEILLAC,6.803661898,44.65265162,875
4178,4230,SAINT-ETIENNE-LES-ORGUES,5.780460528,44.06701498,876
83013,83840,LA BASTIDE,6.632640278,43.74791753,877
83122,83630,LES SALLES-SUR-VERDON,6.206525427,43.76701422,878
84113,84760,SAINT-MARTIN-DE-LA-BRASQUE,5.539758216,43.7640136,879
5103,5300,LE POET,5.901313184,44.27897466,880
4037,4250,LE CAIRE,6.068757742,44.37441635,881
83133,83440,TANNERON,6.856710795,43.57489952,882
4161,4340,MEOLANS-REVEL,6.498464049,44.3714312,883
6099,6260,PUGET-THENIERS,6.906093114,43.95216492,884
5018,5000,LA BATIE-VIEILLE,6.155707393,44.55532274,885
5056,5260,FOREST-SAINT-JULIEN,6.141075313,44.62980144,886
83090,83190,OLLIOULES,5.853692045,43.13861337,887
6124,6260,SAINT-LEGER,6.82309685,44.00265977,888
84129,84700,SORGUES,4.867405154,44.0145764,889
83135,83670,TAVERNES,6.020993568,43.6002244,890
4032,4240,BRAUX,6.699411278,43.99303445,891
4197,4220,SAINTE-TULLE,5.773023317,43.78304825,892
6025,6510,LE BROC,7.159076339,43.81478221,893
84067,84870,LORIOL-DU-COMTAT,5.005147997,44.07535001,894
13065,13890,MOURIES,4.890384862,43.70084542,895
4133,4170,MORIEZ,6.462533459,43.96409295,896
4008,4240,ANNOT,6.663958116,43.96200097,897
83147,83630,VERIGNON,6.276503592,43.66252841,898
13095,13100,SAINT-MARC-JAUMEGARDE,5.522069938,43.55618493,899
6132,6540,SAORGE,7.537673484,43.99353188,900
83076,83136,MAZAUGUES,5.895895823,43.34487612,901
84148,84570,VILLES-SUR-AUZON,5.25707803,44.06606051,902
5031,5310,CHAMPCELLA,6.531380429,44.71757749,903
13110,13530,TRETS,5.699952432,43.43780873,904
84027,84860,CADEROUSSE,4.74345047,44.10993588,905
13101,13119,SAINT-SAVOURNIN,5.531014914,43.40572481,906
83061,83600/83370,FREJUS,6.763615974,43.47195581,907
13014,13130,BERRE-L'ETANG,5.160613698,43.50364425,908
13093,13610,SAINT-ESTEVE-JANSON,5.389589126,43.69236956,909
6062,6540,FONTAN,7.544282152,44.02190526,910
5046,5200,EMBRUN,6.475592989,44.58042949,911
6073,6420,ISOLA,7.074880623,44.18725853,912
83110,83170,ROUGIERS,5.851441272,43.38185744,913
84021,84390,BRANTES,5.332474251,44.18536628,914
6049,6620,COURMES,7.017376064,43.75255338,915
84106,84290,SAINTE-CECILE-LES-VIGNES,4.889282756,44.23585585,916
4193,4530,SAINT-PAUL-SUR-UBAYE,6.820787701,44.55889884,917
5134,5600,SAINT-CLEMENT-SUR-DURANCE,6.560740418,44.6478035,918
5098,5200,LES ORRES,6.579731422,44.48506665,919
4026,4250,BELLAFFAIRE,6.194203045,44.40439153,920
83050,83300,DRAGUIGNAN,6.454365692,43.53575133,921
84139,84800,FONTAINE-DE-VAUCLUSE,5.131254243,43.9220821,922
4086,4400,FAUCON-DE-BARCELONNETTE,6.67868076,44.41358267,923
13071,13170,LES PENNES-MIRABEAU,5.315470941,43.40267912,924
4006,4260,ALLOS,6.6267179,44.26149614,925
4018,4150,BANON,5.649647152,44.02694481,926
4076,4320,ENTREVAUX,6.802385437,43.9502625,927
6141,6830,TOUDON,7.108407706,43.89146419,928
84132,84250,LE THOR,4.993241234,43.92823983,929
13047,13800,ISTRES,4.951181352,43.55026891,930
4177,4380,HAUTES-DUYES,6.17423381,44.19490517,931
84120,84390,SAINT-TRINIT,5.478858789,44.09603619,932
13030,13780,CUGES-LES-PINS,5.710246158,43.2805717,933
84127,84830,SERIGNAN-DU-COMTAT,4.847857272,44.19390122,934
84131,84300,TAILLADES,5.094806905,43.83154745,935
13010,13570,BARBENTANE,4.749340429,43.89472498,936
6004,06600/06160,ANTIBES,7.106354183,43.58746515,937
4226,4400,UVERNET-FOURS,6.670284434,44.31911321,938
6034,6670,CASTAGNIERS,7.227741331,43.79211089,939
6076,6260,LIEUCHE,7.032410786,44.00156694,940
83055,83440,FAYENCE,6.678432799,43.61033458,941
83103,83200,LE REVEST-LES-EAUX,5.945653922,43.18249184,942
13015,13320,BOUC-BEL-AIR,5.412370561,43.44722966,943
13035,13430,EYGUIERES,5.015577052,43.7025563,944
5022,5190,BREZIERS,6.22281621,44.42105309,945
84029,84850,CAMARET-SUR-AIGUES,4.884103975,44.1596814,946
5126,5150,ROSANS,5.461465318,44.39987195,947
4091,4310,GANAGOBIE,5.908500761,44.00258621,948
5089,5700,MONTROND,5.746261764,44.38676268,949
83086,83490,LE MUY,6.576949368,43.46873079,950
5138,5250,SAINT-DISDIER,5.879529968,44.73305792,951
13075,13380,PLAN-DE-CUQUES,5.464886235,43.36709272,952
83065,83580,GASSIN,6.586175186,43.23920652,953
6095,6530,PEYMEINADE,6.881665209,43.63052945,954
6127,6450,SAINT-MARTIN-VESUBIE,7.302440716,44.1020722,955
13206,13006,MARSEILLE--6E--ARRONDISSEMENT,5.381047854,43.28709895,956
84140,84160,VAUGINES,5.406678543,43.77861853,957
83094,83120,LE PLAN-DE-LA-TOUR,6.547457511,43.3384389,958
4013,4200,AUBIGNOSC,5.957344849,44.11824496,959
6064,6510,GATTIERES,7.168774682,43.76521954,960
13078,13230,PORT-SAINT-LOUIS-DU-RHONE,4.806796636,43.41481937,961
6013,6450,BELVEDERE,7.3738312,44.05648722,962
4167,4000,LA ROBINE-SUR-GALABRE,6.230384357,44.19273299,963
83032,83570,CARCES,6.176372734,43.46900592,964
84017,84410,BEDOIN,5.234460053,44.13746241,965
83052,83560,ESPARRON,5.848720662,43.58746977,966
13057,13103,MAS-BLANC-DES-ALPILLES,4.763851534,43.78789022,967
84118,84490,SAINT-SATURNIN-LES-APT,5.373257161,43.95873689,968
6005,6260,ASCROS,7.015506848,43.9193423,969
6009,6420,BAIROLS,7.119694731,43.98705102,970
84005,84390,AUREL,5.396333262,44.13812647,971
6091,6440,PEILLE,7.411110167,43.80646483,972
83144,83160,LA VALETTE-DU-VAR,5.992225389,43.1499152,973
4207,4200,SIGOYER,5.961028163,44.32237115,974
5076,5700,MEREUIL,5.712590987,44.38397415,975
4106,4700,LURS,5.880494063,43.96983433,976
4100,4530,LARCHE,6.872615571,44.42722049,977
83093,83640,PLAN-D'AUPS-SAINTE-BAUME,5.738560183,43.33371305,978
